2026-04-22 10:04:12.942 | ConnectToPortalToolStripMenuItem_Click() fired
2026-04-22 10:04:12.951 | FindThePortal() started
2026-04-22 10:04:12.953 | FindDeviceFromGuid() started
2026-04-22 10:04:12.958 | HID ENUM: \\?\hid#vid_048d&pid_c101&col05#7&5a8d188&0&0004#{4d1e55b2-f16f-11cf-88cb-001111000030}
2026-04-22 10:04:12.958 | HID ENUM: \\?\hid#vid_048d&pid_c965&mi_01#8&419689c&0&0000#{4d1e55b2-f16f-11cf-88cb-001111000030}
2026-04-22 10:04:12.959 | HID ENUM: \\?\hid#vid_048d&pid_c965&mi_00&col01#8&27f0a65e&0&0000#{4d1e55b2-f16f-11cf-88cb-001111000030}
2026-04-22 10:04:12.960 | HID ENUM: \\?\hid#vid_048d&pid_c965&mi_00&col02#8&27f0a65e&0&0001#{4d1e55b2-f16f-11cf-88cb-001111000030}
2026-04-22 10:04:12.960 | HID ENUM: \\?\hid#vid_048d&pid_c965&mi_00&col03#8&27f0a65e&0&0002#{4d1e55b2-f16f-11cf-88cb-001111000030}
2026-04-22 10:04:12.961 | HID ENUM: \\?\hid#vid_048d&pid_c101&col01#7&5a8d188&0&0000#{4d1e55b2-f16f-11cf-88cb-001111000030}
2026-04-22 10:04:12.961 | HID ENUM: \\?\hid#vid_048d&pid_c965&mi_00&col05#8&27f0a65e&0&0004#{4d1e55b2-f16f-11cf-88cb-001111000030}
2026-04-22 10:04:12.962 | HID ENUM: \\?\hid#vid_413c&pid_301a#8&1167722d&1&0000#{4d1e55b2-f16f-11cf-88cb-001111000030}
2026-04-22 10:04:12.962 | HID ENUM: \\?\hid#vid_048d&pid_c101&col02#7&5a8d188&0&0001#{4d1e55b2-f16f-11cf-88cb-001111000030}\kbd
2026-04-22 10:04:12.963 | HID ENUM: \\?\hid#vid_048d&pid_c101&col03#7&5a8d188&0&0002#{4d1e55b2-f16f-11cf-88cb-001111000030}
2026-04-22 10:04:12.963 | HID ENUM: \\?\hid#syna2ba6&col01#4&1dc0a8b0&0&0000#{4d1e55b2-f16f-11cf-88cb-001111000030}
2026-04-22 10:04:12.964 | HID ENUM: \\?\hid#vid_048d&pid_c965&mi_00&col04#8&27f0a65e&0&0003#{4d1e55b2-f16f-11cf-88cb-001111000030}\kbd
2026-04-22 10:04:12.964 | HID ENUM: \\?\hid#syna2ba6&col02#4&1dc0a8b0&0&0001#{4d1e55b2-f16f-11cf-88cb-001111000030}
2026-04-22 10:04:12.964 | HID ENUM: \\?\hid#syna2ba6&col03#4&1dc0a8b0&0&0002#{4d1e55b2-f16f-11cf-88cb-001111000030}
2026-04-22 10:04:12.965 | HID ENUM: \\?\hid#syna2ba6&col04#4&1dc0a8b0&0&0003#{4d1e55b2-f16f-11cf-88cb-001111000030}
2026-04-22 10:04:12.965 | HID ENUM: \\?\hid#vid_048d&pid_c101&col04#7&5a8d188&0&0003#{4d1e55b2-f16f-11cf-88cb-001111000030}
2026-04-22 10:04:12.966 | HID ENUM: \\?\hid#vid_1430&pid_0150#7&1208f419&3&0000#{4d1e55b2-f16f-11cf-88cb-001111000030}
2026-04-22 10:04:12.967 | SetupDiEnumDeviceInterfaces finished at memberIndex=17
2026-04-22 10:04:12.967 | FindDeviceFromGuid() returning True
2026-04-22 10:04:12.970 | Candidate HID Path: \\?\HID#VID_048D&PID_C101&COL05#7&5A8D188&0&0004#{4D1E55B2-F16F-11CF-88CB-001111000030}
2026-04-22 10:04:12.971 | Rejected HID path because it is not VID_1430/PID_0150
2026-04-22 10:04:12.971 | Candidate HID Path: \\?\HID#VID_048D&PID_C965&MI_01#8&419689C&0&0000#{4D1E55B2-F16F-11CF-88CB-001111000030}
2026-04-22 10:04:12.972 | Rejected HID path because it is not VID_1430/PID_0150
2026-04-22 10:04:12.972 | Candidate HID Path: \\?\HID#VID_048D&PID_C965&MI_00&COL01#8&27F0A65E&0&0000#{4D1E55B2-F16F-11CF-88CB-001111000030}
2026-04-22 10:04:12.973 | Rejected HID path because it is not VID_1430/PID_0150
2026-04-22 10:04:12.973 | Candidate HID Path: \\?\HID#VID_048D&PID_C965&MI_00&COL02#8&27F0A65E&0&0001#{4D1E55B2-F16F-11CF-88CB-001111000030}
2026-04-22 10:04:12.973 | Rejected HID path because it is not VID_1430/PID_0150
2026-04-22 10:04:12.974 | Candidate HID Path: \\?\HID#VID_048D&PID_C965&MI_00&COL03#8&27F0A65E&0&0002#{4D1E55B2-F16F-11CF-88CB-001111000030}
2026-04-22 10:04:12.974 | Rejected HID path because it is not VID_1430/PID_0150
2026-04-22 10:04:12.975 | Candidate HID Path: \\?\HID#VID_048D&PID_C101&COL01#7&5A8D188&0&0000#{4D1E55B2-F16F-11CF-88CB-001111000030}
2026-04-22 10:04:12.975 | Rejected HID path because it is not VID_1430/PID_0150
2026-04-22 10:04:12.976 | Candidate HID Path: \\?\HID#VID_048D&PID_C965&MI_00&COL05#8&27F0A65E&0&0004#{4D1E55B2-F16F-11CF-88CB-001111000030}
2026-04-22 10:04:12.976 | Rejected HID path because it is not VID_1430/PID_0150
2026-04-22 10:04:12.976 | Candidate HID Path: \\?\HID#VID_413C&PID_301A#8&1167722D&1&0000#{4D1E55B2-F16F-11CF-88CB-001111000030}
2026-04-22 10:04:12.977 | Rejected HID path because it is not VID_1430/PID_0150
2026-04-22 10:04:12.977 | Candidate HID Path: \\?\HID#VID_048D&PID_C101&COL02#7&5A8D188&0&0001#{4D1E55B2-F16F-11CF-88CB-001111000030}\KBD
2026-04-22 10:04:12.978 | Rejected HID path because it is not VID_1430/PID_0150
2026-04-22 10:04:12.978 | Candidate HID Path: \\?\HID#VID_048D&PID_C101&COL03#7&5A8D188&0&0002#{4D1E55B2-F16F-11CF-88CB-001111000030}
2026-04-22 10:04:12.979 | Rejected HID path because it is not VID_1430/PID_0150
2026-04-22 10:04:12.979 | Candidate HID Path: \\?\HID#SYNA2BA6&COL01#4&1DC0A8B0&0&0000#{4D1E55B2-F16F-11CF-88CB-001111000030}
2026-04-22 10:04:12.980 | Rejected HID path because it is not VID_1430/PID_0150
2026-04-22 10:04:12.980 | Candidate HID Path: \\?\HID#VID_048D&PID_C965&MI_00&COL04#8&27F0A65E&0&0003#{4D1E55B2-F16F-11CF-88CB-001111000030}\KBD
2026-04-22 10:04:12.981 | Rejected HID path because it is not VID_1430/PID_0150
2026-04-22 10:04:12.981 | Candidate HID Path: \\?\HID#SYNA2BA6&COL02#4&1DC0A8B0&0&0001#{4D1E55B2-F16F-11CF-88CB-001111000030}
2026-04-22 10:04:12.981 | Rejected HID path because it is not VID_1430/PID_0150
2026-04-22 10:04:12.982 | Candidate HID Path: \\?\HID#SYNA2BA6&COL03#4&1DC0A8B0&0&0002#{4D1E55B2-F16F-11CF-88CB-001111000030}
2026-04-22 10:04:12.982 | Rejected HID path because it is not VID_1430/PID_0150
2026-04-22 10:04:12.983 | Candidate HID Path: \\?\HID#SYNA2BA6&COL04#4&1DC0A8B0&0&0003#{4D1E55B2-F16F-11CF-88CB-001111000030}
2026-04-22 10:04:12.983 | Rejected HID path because it is not VID_1430/PID_0150
2026-04-22 10:04:12.984 | Candidate HID Path: \\?\HID#VID_048D&PID_C101&COL04#7&5A8D188&0&0003#{4D1E55B2-F16F-11CF-88CB-001111000030}
2026-04-22 10:04:12.984 | Rejected HID path because it is not VID_1430/PID_0150
2026-04-22 10:04:12.985 | Candidate HID Path: \\?\HID#VID_1430&PID_0150#7&1208F419&3&0000#{4D1E55B2-F16F-11CF-88CB-001111000030}
2026-04-22 10:04:12.985 | CreateFile (query handle) succeeded
2026-04-22 10:04:12.986 | Attributes VID=5168 PID=336
2026-04-22 10:04:12.987 | Portal candidate accepted: \\?\hid#vid_1430&pid_0150#7&1208f419&3&0000#{4d1e55b2-f16f-11cf-88cb-001111000030}
2026-04-22 10:04:12.990 | Re-opening portal with read/write access: \\?\hid#vid_1430&pid_0150#7&1208f419&3&0000#{4d1e55b2-f16f-11cf-88cb-001111000030}
2026-04-22 10:04:12.990 | CreateFile (read/write handle) succeeded
2026-04-22 10:04:12.992 | Portal connected successfully
2026-04-22 10:07:35.340 | outputReport() called
2026-04-22 10:07:35.402 | outputReport() called
2026-04-22 10:07:35.909 | outputReport() called
2026-04-22 10:07:35.924 | outputReport() called
2026-04-22 10:07:35.938 | outputReport() called
2026-04-22 10:07:35.952 | outputReport() called
2026-04-22 10:07:35.998 | outputReport() called
2026-04-22 10:07:36.080 | outputReport() called
2026-04-22 10:07:36.097 | outputReport() called
2026-04-22 10:07:36.114 | outputReport() called
2026-04-22 10:07:36.131 | outputReport() called
2026-04-22 10:07:36.148 | outputReport() called
2026-04-22 10:07:36.167 | outputReport() called
2026-04-22 10:07:36.184 | outputReport() called
2026-04-22 10:07:36.202 | outputReport() called
2026-04-22 10:07:36.219 | outputReport() called
2026-04-22 10:07:36.236 | outputReport() called
2026-04-22 10:07:36.253 | outputReport() called
2026-04-22 10:07:36.270 | outputReport() called
2026-04-22 10:07:36.287 | outputReport() called
2026-04-22 10:07:36.304 | outputReport() called
2026-04-22 10:07:36.321 | outputReport() called
2026-04-22 10:07:36.338 | outputReport() called
2026-04-22 10:07:36.356 | outputReport() called
2026-04-22 10:07:36.373 | outputReport() called
2026-04-22 10:07:36.391 | outputReport() called
2026-04-22 10:07:36.409 | outputReport() called
2026-04-22 10:07:36.426 | outputReport() called
2026-04-22 10:07:36.444 | outputReport() called
2026-04-22 10:07:36.461 | outputReport() called
2026-04-22 10:07:36.478 | outputReport() called
2026-04-22 10:07:36.495 | outputReport() called
2026-04-22 10:07:36.545 | outputReport() called
2026-04-22 10:07:36.594 | outputReport() called
2026-04-22 10:07:36.612 | outputReport() called
2026-04-22 10:07:36.629 | outputReport() called
2026-04-22 10:07:36.647 | outputReport() called
2026-04-22 10:07:36.665 | outputReport() called
2026-04-22 10:07:36.683 | outputReport() called
2026-04-22 10:07:36.733 | outputReport() called
2026-04-22 10:07:36.750 | outputReport() called
2026-04-22 10:07:36.768 | outputReport() called
2026-04-22 10:07:36.785 | outputReport() called
2026-04-22 10:07:36.803 | outputReport() called
2026-04-22 10:07:36.820 | outputReport() called
2026-04-22 10:07:36.837 | outputReport() called
2026-04-22 10:07:36.854 | outputReport() called
2026-04-22 10:07:36.871 | outputReport() called
2026-04-22 10:07:36.888 | outputReport() called
2026-04-22 10:07:36.905 | outputReport() called
2026-04-22 10:07:36.922 | outputReport() called
2026-04-22 10:07:36.940 | outputReport() called
2026-04-22 10:07:36.961 | outputReport() called
2026-04-22 10:07:36.978 | outputReport() called
2026-04-22 10:07:36.996 | outputReport() called
2026-04-22 10:07:37.013 | outputReport() called
2026-04-22 10:07:37.030 | outputReport() called
2026-04-22 10:07:37.047 | outputReport() called
2026-04-22 10:07:37.064 | outputReport() called
2026-04-22 10:07:37.112 | outputReport() called
2026-04-22 10:07:37.161 | outputReport() called
2026-04-22 10:07:37.210 | outputReport() called
2026-04-22 10:07:37.228 | outputReport() called
2026-04-22 10:07:37.277 | outputReport() called
2026-04-22 10:07:37.295 | outputReport() called
2026-04-22 10:07:37.313 | outputReport() called
2026-04-22 10:52:43.569 | ConnectToPortalToolStripMenuItem_Click() fired
2026-04-22 10:52:43.577 | FindThePortal() started
2026-04-22 10:52:43.579 | FindDeviceFromGuid() started
2026-04-22 10:52:43.584 | HID ENUM: \\?\hid#vid_048d&pid_c101&col05#7&5a8d188&0&0004#{4d1e55b2-f16f-11cf-88cb-001111000030}
2026-04-22 10:52:43.585 | HID ENUM: \\?\hid#vid_048d&pid_c965&mi_01#8&419689c&0&0000#{4d1e55b2-f16f-11cf-88cb-001111000030}
2026-04-22 10:52:43.585 | HID ENUM: \\?\hid#vid_048d&pid_c965&mi_00&col01#8&27f0a65e&0&0000#{4d1e55b2-f16f-11cf-88cb-001111000030}
2026-04-22 10:52:43.586 | HID ENUM: \\?\hid#vid_048d&pid_c965&mi_00&col02#8&27f0a65e&0&0001#{4d1e55b2-f16f-11cf-88cb-001111000030}
2026-04-22 10:52:43.586 | HID ENUM: \\?\hid#vid_048d&pid_c965&mi_00&col03#8&27f0a65e&0&0002#{4d1e55b2-f16f-11cf-88cb-001111000030}
2026-04-22 10:52:43.587 | HID ENUM: \\?\hid#vid_048d&pid_c101&col01#7&5a8d188&0&0000#{4d1e55b2-f16f-11cf-88cb-001111000030}
2026-04-22 10:52:43.587 | HID ENUM: \\?\hid#vid_048d&pid_c965&mi_00&col05#8&27f0a65e&0&0004#{4d1e55b2-f16f-11cf-88cb-001111000030}
2026-04-22 10:52:43.588 | HID ENUM: \\?\hid#vid_413c&pid_301a#8&1167722d&1&0000#{4d1e55b2-f16f-11cf-88cb-001111000030}
2026-04-22 10:52:43.588 | HID ENUM: \\?\hid#vid_048d&pid_c101&col02#7&5a8d188&0&0001#{4d1e55b2-f16f-11cf-88cb-001111000030}\kbd
2026-04-22 10:52:43.589 | HID ENUM: \\?\hid#vid_048d&pid_c101&col03#7&5a8d188&0&0002#{4d1e55b2-f16f-11cf-88cb-001111000030}
2026-04-22 10:52:43.589 | HID ENUM: \\?\hid#syna2ba6&col01#4&1dc0a8b0&0&0000#{4d1e55b2-f16f-11cf-88cb-001111000030}
2026-04-22 10:52:43.590 | HID ENUM: \\?\hid#vid_048d&pid_c965&mi_00&col04#8&27f0a65e&0&0003#{4d1e55b2-f16f-11cf-88cb-001111000030}\kbd
2026-04-22 10:52:43.590 | HID ENUM: \\?\hid#syna2ba6&col02#4&1dc0a8b0&0&0001#{4d1e55b2-f16f-11cf-88cb-001111000030}
2026-04-22 10:52:43.591 | HID ENUM: \\?\hid#syna2ba6&col03#4&1dc0a8b0&0&0002#{4d1e55b2-f16f-11cf-88cb-001111000030}
2026-04-22 10:52:43.591 | HID ENUM: \\?\hid#syna2ba6&col04#4&1dc0a8b0&0&0003#{4d1e55b2-f16f-11cf-88cb-001111000030}
2026-04-22 10:52:43.592 | HID ENUM: \\?\hid#vid_048d&pid_c101&col04#7&5a8d188&0&0003#{4d1e55b2-f16f-11cf-88cb-001111000030}
2026-04-22 10:52:43.592 | HID ENUM: \\?\hid#vid_1430&pid_0150#7&1208f419&3&0000#{4d1e55b2-f16f-11cf-88cb-001111000030}
2026-04-22 10:52:43.592 | SetupDiEnumDeviceInterfaces finished at memberIndex=17
2026-04-22 10:52:43.593 | FindDeviceFromGuid() returning True
2026-04-22 10:52:43.596 | Candidate HID Path: \\?\HID#VID_048D&PID_C101&COL05#7&5A8D188&0&0004#{4D1E55B2-F16F-11CF-88CB-001111000030}
2026-04-22 10:52:43.596 | Rejected HID path because it is not VID_1430/PID_0150
2026-04-22 10:52:43.597 | Candidate HID Path: \\?\HID#VID_048D&PID_C965&MI_01#8&419689C&0&0000#{4D1E55B2-F16F-11CF-88CB-001111000030}
2026-04-22 10:52:43.597 | Rejected HID path because it is not VID_1430/PID_0150
2026-04-22 10:52:43.598 | Candidate HID Path: \\?\HID#VID_048D&PID_C965&MI_00&COL01#8&27F0A65E&0&0000#{4D1E55B2-F16F-11CF-88CB-001111000030}
2026-04-22 10:52:43.598 | Rejected HID path because it is not VID_1430/PID_0150
2026-04-22 10:52:43.599 | Candidate HID Path: \\?\HID#VID_048D&PID_C965&MI_00&COL02#8&27F0A65E&0&0001#{4D1E55B2-F16F-11CF-88CB-001111000030}
2026-04-22 10:52:43.599 | Rejected HID path because it is not VID_1430/PID_0150
2026-04-22 10:52:43.600 | Candidate HID Path: \\?\HID#VID_048D&PID_C965&MI_00&COL03#8&27F0A65E&0&0002#{4D1E55B2-F16F-11CF-88CB-001111000030}
2026-04-22 10:52:43.600 | Rejected HID path because it is not VID_1430/PID_0150
2026-04-22 10:52:43.600 | Candidate HID Path: \\?\HID#VID_048D&PID_C101&COL01#7&5A8D188&0&0000#{4D1E55B2-F16F-11CF-88CB-001111000030}
2026-04-22 10:52:43.601 | Rejected HID path because it is not VID_1430/PID_0150
2026-04-22 10:52:43.601 | Candidate HID Path: \\?\HID#VID_048D&PID_C965&MI_00&COL05#8&27F0A65E&0&0004#{4D1E55B2-F16F-11CF-88CB-001111000030}
2026-04-22 10:52:43.602 | Rejected HID path because it is not VID_1430/PID_0150
2026-04-22 10:52:43.602 | Candidate HID Path: \\?\HID#VID_413C&PID_301A#8&1167722D&1&0000#{4D1E55B2-F16F-11CF-88CB-001111000030}
2026-04-22 10:52:43.603 | Rejected HID path because it is not VID_1430/PID_0150
2026-04-22 10:52:43.603 | Candidate HID Path: \\?\HID#VID_048D&PID_C101&COL02#7&5A8D188&0&0001#{4D1E55B2-F16F-11CF-88CB-001111000030}\KBD
2026-04-22 10:52:43.604 | Rejected HID path because it is not VID_1430/PID_0150
2026-04-22 10:52:43.604 | Candidate HID Path: \\?\HID#VID_048D&PID_C101&COL03#7&5A8D188&0&0002#{4D1E55B2-F16F-11CF-88CB-001111000030}
2026-04-22 10:52:43.604 | Rejected HID path because it is not VID_1430/PID_0150
2026-04-22 10:52:43.605 | Candidate HID Path: \\?\HID#SYNA2BA6&COL01#4&1DC0A8B0&0&0000#{4D1E55B2-F16F-11CF-88CB-001111000030}
2026-04-22 10:52:43.605 | Rejected HID path because it is not VID_1430/PID_0150
2026-04-22 10:52:43.606 | Candidate HID Path: \\?\HID#VID_048D&PID_C965&MI_00&COL04#8&27F0A65E&0&0003#{4D1E55B2-F16F-11CF-88CB-001111000030}\KBD
2026-04-22 10:52:43.606 | Rejected HID path because it is not VID_1430/PID_0150
2026-04-22 10:52:43.607 | Candidate HID Path: \\?\HID#SYNA2BA6&COL02#4&1DC0A8B0&0&0001#{4D1E55B2-F16F-11CF-88CB-001111000030}
2026-04-22 10:52:43.607 | Rejected HID path because it is not VID_1430/PID_0150
2026-04-22 10:52:43.608 | Candidate HID Path: \\?\HID#SYNA2BA6&COL03#4&1DC0A8B0&0&0002#{4D1E55B2-F16F-11CF-88CB-001111000030}
2026-04-22 10:52:43.608 | Rejected HID path because it is not VID_1430/PID_0150
2026-04-22 10:52:43.608 | Candidate HID Path: \\?\HID#SYNA2BA6&COL04#4&1DC0A8B0&0&0003#{4D1E55B2-F16F-11CF-88CB-001111000030}
2026-04-22 10:52:43.609 | Rejected HID path because it is not VID_1430/PID_0150
2026-04-22 10:52:43.609 | Candidate HID Path: \\?\HID#VID_048D&PID_C101&COL04#7&5A8D188&0&0003#{4D1E55B2-F16F-11CF-88CB-001111000030}
2026-04-22 10:52:43.610 | Rejected HID path because it is not VID_1430/PID_0150
2026-04-22 10:52:43.610 | Candidate HID Path: \\?\HID#VID_1430&PID_0150#7&1208F419&3&0000#{4D1E55B2-F16F-11CF-88CB-001111000030}
2026-04-22 10:52:43.611 | CreateFile (query handle) succeeded
2026-04-22 10:52:43.612 | Attributes VID=5168 PID=336
2026-04-22 10:52:43.613 | Portal candidate accepted: \\?\hid#vid_1430&pid_0150#7&1208f419&3&0000#{4d1e55b2-f16f-11cf-88cb-001111000030}
2026-04-22 10:52:43.615 | Re-opening portal with read/write access: \\?\hid#vid_1430&pid_0150#7&1208f419&3&0000#{4d1e55b2-f16f-11cf-88cb-001111000030}
2026-04-22 10:52:43.615 | CreateFile (read/write handle) succeeded
2026-04-22 10:52:43.617 | Portal connected successfully
2026-04-22 10:52:52.457 | outputReport() called
2026-04-22 10:52:52.512 | outputReport() called
2026-04-22 10:52:53.030 | outputReport() called
2026-04-22 10:52:53.045 | outputReport() called
2026-04-22 10:52:53.060 | outputReport() called
2026-04-22 10:52:53.076 | outputReport() called
2026-04-22 10:52:53.121 | outputReport() called
2026-04-22 10:52:53.139 | outputReport() called
2026-04-22 10:52:53.158 | outputReport() called
2026-04-22 10:52:53.175 | outputReport() called
2026-04-22 10:52:53.193 | outputReport() called
2026-04-22 10:52:53.211 | outputReport() called
2026-04-22 10:52:53.229 | outputReport() called
2026-04-22 10:52:53.247 | outputReport() called
2026-04-22 10:52:53.265 | outputReport() called
2026-04-22 10:52:53.283 | outputReport() called
2026-04-22 10:52:53.301 | outputReport() called
2026-04-22 10:52:53.349 | outputReport() called
2026-04-22 10:52:53.367 | outputReport() called
2026-04-22 10:52:53.385 | outputReport() called
2026-04-22 10:52:53.404 | outputReport() called
2026-04-22 10:52:53.421 | outputReport() called
2026-04-22 10:52:53.438 | outputReport() called
2026-04-22 10:52:53.486 | outputReport() called
2026-04-22 10:52:53.503 | outputReport() called
2026-04-22 10:52:53.521 | outputReport() called
2026-04-22 10:52:53.539 | outputReport() called
2026-04-22 10:52:53.557 | outputReport() called
2026-04-22 10:52:53.575 | outputReport() called
2026-04-22 10:52:53.593 | outputReport() called
2026-04-22 10:52:53.645 | outputReport() called
2026-04-22 10:52:53.662 | outputReport() called
2026-04-22 10:52:53.681 | outputReport() called
2026-04-22 10:52:53.698 | outputReport() called
2026-04-22 10:52:53.715 | outputReport() called
2026-04-22 10:52:53.733 | outputReport() called
2026-04-22 10:52:53.751 | outputReport() called
2026-04-22 10:52:53.769 | outputReport() called
2026-04-22 10:52:53.787 | outputReport() called
2026-04-22 10:52:53.806 | outputReport() called
2026-04-22 10:52:53.855 | outputReport() called
2026-04-22 10:52:53.873 | outputReport() called
2026-04-22 10:52:53.891 | outputReport() called
2026-04-22 10:52:53.910 | outputReport() called
2026-04-22 10:52:53.927 | outputReport() called
2026-04-22 10:52:53.945 | outputReport() called
2026-04-22 10:52:53.994 | outputReport() called
2026-04-22 10:52:54.013 | outputReport() called
2026-04-22 10:52:54.062 | outputReport() called
2026-04-22 10:52:54.081 | outputReport() called
2026-04-22 10:52:54.097 | outputReport() called
2026-04-22 10:52:54.115 | outputReport() called
2026-04-22 10:52:54.133 | outputReport() called
2026-04-22 10:52:54.149 | outputReport() called
2026-04-22 10:52:54.197 | outputReport() called
2026-04-22 10:52:54.215 | outputReport() called
2026-04-22 10:52:54.233 | outputReport() called
2026-04-22 10:52:54.251 | outputReport() called
2026-04-22 10:52:54.267 | outputReport() called
2026-04-22 10:52:54.285 | outputReport() called
2026-04-22 10:52:54.336 | outputReport() called
2026-04-22 10:52:54.385 | outputReport() called
2026-04-22 10:52:54.402 | outputReport() called
2026-04-22 10:52:54.420 | outputReport() called
2026-04-22 10:52:54.436 | outputReport() called
2026-04-22 10:52:54.454 | outputReport() called
2026-04-22 10:53:11.573 | outputReport() called
2026-04-22 10:53:11.636 | outputReport() called
2026-04-22 10:53:12.153 | outputReport() called
2026-04-22 10:53:12.264 | outputReport() called
2026-04-22 10:53:12.374 | outputReport() called
2026-04-22 10:53:12.484 | outputReport() called
2026-04-22 10:53:12.595 | outputReport() called
2026-04-22 10:53:12.705 | outputReport() called
2026-04-22 10:53:12.815 | outputReport() called
2026-04-22 10:53:12.926 | outputReport() called
2026-04-22 10:53:13.036 | outputReport() called
2026-04-22 10:53:13.145 | outputReport() called
2026-04-22 10:53:13.255 | outputReport() called
2026-04-22 10:53:13.364 | outputReport() called
2026-04-22 10:53:13.475 | outputReport() called
2026-04-22 10:53:13.585 | outputReport() called
2026-04-22 10:53:13.694 | outputReport() called
2026-04-22 10:53:13.803 | outputReport() called
2026-04-22 10:53:13.913 | outputReport() called
2026-04-22 10:53:14.023 | outputReport() called
2026-04-22 10:53:14.134 | outputReport() called
2026-04-22 10:53:14.245 | outputReport() called
2026-04-22 10:53:14.355 | outputReport() called
2026-04-22 10:53:14.464 | outputReport() called
2026-04-22 10:53:14.574 | outputReport() called
2026-04-22 10:53:14.684 | outputReport() called
2026-04-22 10:53:14.793 | outputReport() called
2026-04-22 10:53:14.903 | outputReport() called
2026-04-22 10:53:15.012 | outputReport() called
2026-04-22 10:53:15.124 | outputReport() called
2026-04-22 10:53:15.235 | outputReport() called
2026-04-22 10:53:15.346 | outputReport() called
2026-04-22 10:53:15.456 | outputReport() called
2026-04-22 10:53:15.567 | outputReport() called
2026-04-22 10:53:15.679 | outputReport() called
2026-04-22 10:53:15.790 | outputReport() called
2026-04-22 10:53:15.901 | outputReport() called
2026-04-22 10:53:16.012 | outputReport() called
2026-04-22 10:53:16.125 | outputReport() called
2026-04-22 10:53:16.232 | outputReport() called
2026-04-22 10:53:16.342 | outputReport() called
2026-04-22 10:53:16.453 | outputReport() called
2026-04-22 10:53:16.561 | outputReport() called
2026-04-22 10:53:16.670 | outputReport() called
2026-04-22 10:53:16.779 | outputReport() called
2026-04-22 10:53:16.889 | outputReport() called
2026-04-22 10:53:16.998 | outputReport() called
2026-04-22 10:53:17.107 | outputReport() called
2026-04-22 10:53:17.218 | outputReport() called
2026-04-22 10:53:17.328 | outputReport() called
2026-04-22 10:53:17.439 | outputReport() called
2026-04-22 10:53:17.551 | outputReport() called
2026-04-22 10:53:17.660 | outputReport() called
2026-04-22 10:53:17.770 | outputReport() called
2026-04-22 10:53:17.879 | outputReport() called
2026-04-22 10:53:17.990 | outputReport() called
2026-04-22 10:53:18.100 | outputReport() called
2026-04-22 10:53:18.210 | outputReport() called
2026-04-22 10:53:18.320 | outputReport() called
2026-04-22 10:53:18.431 | outputReport() called
2026-04-22 10:53:18.542 | outputReport() called
2026-04-22 10:53:22.952 | outputReport() called
2026-04-22 10:53:23.016 | outputReport() called
2026-04-22 10:53:23.531 | outputReport() called
2026-04-22 10:53:23.668 | outputReport() called
2026-04-22 10:53:23.683 | outputReport() called
2026-04-22 10:53:23.697 | outputReport() called
2026-04-22 10:53:23.713 | outputReport() called
2026-04-22 10:53:23.730 | outputReport() called
2026-04-22 10:53:23.748 | outputReport() called
2026-04-22 10:53:23.765 | outputReport() called
2026-04-22 10:53:23.783 | outputReport() called
2026-04-22 10:53:23.801 | outputReport() called
2026-04-22 10:53:23.818 | outputReport() called
2026-04-22 10:53:23.836 | outputReport() called
2026-04-22 10:53:23.855 | outputReport() called
2026-04-22 10:53:23.872 | outputReport() called
2026-04-22 10:53:23.890 | outputReport() called
2026-04-22 10:53:23.939 | outputReport() called
2026-04-22 10:53:23.957 | outputReport() called
2026-04-22 10:53:23.975 | outputReport() called
2026-04-22 10:53:23.993 | outputReport() called
2026-04-22 10:53:24.010 | outputReport() called
2026-04-22 10:53:24.028 | outputReport() called
2026-04-22 10:53:24.046 | outputReport() called
2026-04-22 10:53:24.062 | outputReport() called
2026-04-22 10:53:24.080 | outputReport() called
2026-04-22 10:53:24.097 | outputReport() called
2026-04-22 10:53:24.115 | outputReport() called
2026-04-22 10:53:24.164 | outputReport() called
2026-04-22 10:53:24.182 | outputReport() called
2026-04-22 10:53:24.231 | outputReport() called
2026-04-22 10:53:24.249 | outputReport() called
2026-04-22 10:53:24.267 | outputReport() called
2026-04-22 10:53:24.285 | outputReport() called
2026-04-22 10:53:24.303 | outputReport() called
2026-04-22 10:53:24.321 | outputReport() called
2026-04-22 10:53:24.340 | outputReport() called
2026-04-22 10:53:24.357 | outputReport() called
2026-04-22 10:53:24.407 | outputReport() called
2026-04-22 10:53:24.458 | outputReport() called
2026-04-22 10:53:24.475 | outputReport() called
2026-04-22 10:53:24.493 | outputReport() called
2026-04-22 10:53:24.512 | outputReport() called
2026-04-22 10:53:24.561 | outputReport() called
2026-04-22 10:53:24.579 | outputReport() called
2026-04-22 10:53:24.597 | outputReport() called
2026-04-22 10:53:24.646 | outputReport() called
2026-04-22 10:53:24.695 | outputReport() called
2026-04-22 10:53:24.744 | outputReport() called
2026-04-22 10:53:24.761 | outputReport() called
2026-04-22 10:53:24.812 | outputReport() called
2026-04-22 10:53:24.829 | outputReport() called
2026-04-22 10:53:24.847 | outputReport() called
2026-04-22 10:53:24.865 | outputReport() called
2026-04-22 10:53:24.915 | outputReport() called
2026-04-22 10:53:24.933 | outputReport() called
2026-04-22 10:53:24.951 | outputReport() called
2026-04-22 10:53:24.968 | outputReport() called
2026-04-22 10:53:24.987 | outputReport() called
2026-04-22 10:53:25.005 | outputReport() called
2026-04-22 10:53:25.024 | outputReport() called
2026-04-22 10:53:25.041 | outputReport() called
2026-04-22 10:53:25.059 | outputReport() called
2026-04-22 10:53:25.078 | outputReport() called
2026-04-22 10:53:25.095 | outputReport() called
2026-04-22 10:53:25.113 | outputReport() called
2026-04-22 12:01:01.879 | ConnectToPortalToolStripMenuItem_Click() fired
2026-04-22 12:01:01.889 | FindThePortal() started
2026-04-22 12:01:01.891 | FindDeviceFromGuid() started
2026-04-22 12:01:01.896 | HID ENUM: \\?\hid#vid_048d&pid_c101&col05#7&5a8d188&0&0004#{4d1e55b2-f16f-11cf-88cb-001111000030}
2026-04-22 12:01:01.897 | HID ENUM: \\?\hid#vid_048d&pid_c965&mi_01#8&419689c&0&0000#{4d1e55b2-f16f-11cf-88cb-001111000030}
2026-04-22 12:01:01.897 | HID ENUM: \\?\hid#vid_048d&pid_c965&mi_00&col01#8&27f0a65e&0&0000#{4d1e55b2-f16f-11cf-88cb-001111000030}
2026-04-22 12:01:01.897 | HID ENUM: \\?\hid#vid_048d&pid_c965&mi_00&col02#8&27f0a65e&0&0001#{4d1e55b2-f16f-11cf-88cb-001111000030}
2026-04-22 12:01:01.898 | HID ENUM: \\?\hid#vid_048d&pid_c965&mi_00&col03#8&27f0a65e&0&0002#{4d1e55b2-f16f-11cf-88cb-001111000030}
2026-04-22 12:01:01.898 | HID ENUM: \\?\hid#vid_048d&pid_c101&col01#7&5a8d188&0&0000#{4d1e55b2-f16f-11cf-88cb-001111000030}
2026-04-22 12:01:01.899 | HID ENUM: \\?\hid#vid_048d&pid_c965&mi_00&col05#8&27f0a65e&0&0004#{4d1e55b2-f16f-11cf-88cb-001111000030}
2026-04-22 12:01:01.899 | HID ENUM: \\?\hid#vid_413c&pid_301a#8&1167722d&1&0000#{4d1e55b2-f16f-11cf-88cb-001111000030}
2026-04-22 12:01:01.900 | HID ENUM: \\?\hid#vid_048d&pid_c101&col02#7&5a8d188&0&0001#{4d1e55b2-f16f-11cf-88cb-001111000030}\kbd
2026-04-22 12:01:01.900 | HID ENUM: \\?\hid#vid_048d&pid_c101&col03#7&5a8d188&0&0002#{4d1e55b2-f16f-11cf-88cb-001111000030}
2026-04-22 12:01:01.901 | HID ENUM: \\?\hid#syna2ba6&col01#4&1dc0a8b0&0&0000#{4d1e55b2-f16f-11cf-88cb-001111000030}
2026-04-22 12:01:01.901 | HID ENUM: \\?\hid#vid_048d&pid_c965&mi_00&col04#8&27f0a65e&0&0003#{4d1e55b2-f16f-11cf-88cb-001111000030}\kbd
2026-04-22 12:01:01.902 | HID ENUM: \\?\hid#syna2ba6&col02#4&1dc0a8b0&0&0001#{4d1e55b2-f16f-11cf-88cb-001111000030}
2026-04-22 12:01:01.902 | HID ENUM: \\?\hid#syna2ba6&col03#4&1dc0a8b0&0&0002#{4d1e55b2-f16f-11cf-88cb-001111000030}
2026-04-22 12:01:01.903 | HID ENUM: \\?\hid#syna2ba6&col04#4&1dc0a8b0&0&0003#{4d1e55b2-f16f-11cf-88cb-001111000030}
2026-04-22 12:01:01.904 | HID ENUM: \\?\hid#vid_048d&pid_c101&col04#7&5a8d188&0&0003#{4d1e55b2-f16f-11cf-88cb-001111000030}
2026-04-22 12:01:01.904 | HID ENUM: \\?\hid#vid_1430&pid_0150#7&1208f419&3&0000#{4d1e55b2-f16f-11cf-88cb-001111000030}
2026-04-22 12:01:01.905 | SetupDiEnumDeviceInterfaces finished at memberIndex=17
2026-04-22 12:01:01.905 | FindDeviceFromGuid() returning True
2026-04-22 12:01:01.909 | Candidate HID Path: \\?\HID#VID_048D&PID_C101&COL05#7&5A8D188&0&0004#{4D1E55B2-F16F-11CF-88CB-001111000030}
2026-04-22 12:01:01.909 | Rejected HID path because it is not VID_1430/PID_0150
2026-04-22 12:01:01.910 | Candidate HID Path: \\?\HID#VID_048D&PID_C965&MI_01#8&419689C&0&0000#{4D1E55B2-F16F-11CF-88CB-001111000030}
2026-04-22 12:01:01.911 | Rejected HID path because it is not VID_1430/PID_0150
2026-04-22 12:01:01.911 | Candidate HID Path: \\?\HID#VID_048D&PID_C965&MI_00&COL01#8&27F0A65E&0&0000#{4D1E55B2-F16F-11CF-88CB-001111000030}
2026-04-22 12:01:01.912 | Rejected HID path because it is not VID_1430/PID_0150
2026-04-22 12:01:01.912 | Candidate HID Path: \\?\HID#VID_048D&PID_C965&MI_00&COL02#8&27F0A65E&0&0001#{4D1E55B2-F16F-11CF-88CB-001111000030}
2026-04-22 12:01:01.913 | Rejected HID path because it is not VID_1430/PID_0150
2026-04-22 12:01:01.913 | Candidate HID Path: \\?\HID#VID_048D&PID_C965&MI_00&COL03#8&27F0A65E&0&0002#{4D1E55B2-F16F-11CF-88CB-001111000030}
2026-04-22 12:01:01.914 | Rejected HID path because it is not VID_1430/PID_0150
2026-04-22 12:01:01.914 | Candidate HID Path: \\?\HID#VID_048D&PID_C101&COL01#7&5A8D188&0&0000#{4D1E55B2-F16F-11CF-88CB-001111000030}
2026-04-22 12:01:01.915 | Rejected HID path because it is not VID_1430/PID_0150
2026-04-22 12:01:01.915 | Candidate HID Path: \\?\HID#VID_048D&PID_C965&MI_00&COL05#8&27F0A65E&0&0004#{4D1E55B2-F16F-11CF-88CB-001111000030}
2026-04-22 12:01:01.916 | Rejected HID path because it is not VID_1430/PID_0150
2026-04-22 12:01:01.916 | Candidate HID Path: \\?\HID#VID_413C&PID_301A#8&1167722D&1&0000#{4D1E55B2-F16F-11CF-88CB-001111000030}
2026-04-22 12:01:01.916 | Rejected HID path because it is not VID_1430/PID_0150
2026-04-22 12:01:01.917 | Candidate HID Path: \\?\HID#VID_048D&PID_C101&COL02#7&5A8D188&0&0001#{4D1E55B2-F16F-11CF-88CB-001111000030}\KBD
2026-04-22 12:01:01.918 | Rejected HID path because it is not VID_1430/PID_0150
2026-04-22 12:01:01.918 | Candidate HID Path: \\?\HID#VID_048D&PID_C101&COL03#7&5A8D188&0&0002#{4D1E55B2-F16F-11CF-88CB-001111000030}
2026-04-22 12:01:01.919 | Rejected HID path because it is not VID_1430/PID_0150
2026-04-22 12:01:01.919 | Candidate HID Path: \\?\HID#SYNA2BA6&COL01#4&1DC0A8B0&0&0000#{4D1E55B2-F16F-11CF-88CB-001111000030}
2026-04-22 12:01:01.919 | Rejected HID path because it is not VID_1430/PID_0150
2026-04-22 12:01:01.920 | Candidate HID Path: \\?\HID#VID_048D&PID_C965&MI_00&COL04#8&27F0A65E&0&0003#{4D1E55B2-F16F-11CF-88CB-001111000030}\KBD
2026-04-22 12:01:01.920 | Rejected HID path because it is not VID_1430/PID_0150
2026-04-22 12:01:01.922 | Candidate HID Path: \\?\HID#SYNA2BA6&COL02#4&1DC0A8B0&0&0001#{4D1E55B2-F16F-11CF-88CB-001111000030}
2026-04-22 12:01:01.922 | Rejected HID path because it is not VID_1430/PID_0150
2026-04-22 12:01:01.922 | Candidate HID Path: \\?\HID#SYNA2BA6&COL03#4&1DC0A8B0&0&0002#{4D1E55B2-F16F-11CF-88CB-001111000030}
2026-04-22 12:01:01.923 | Rejected HID path because it is not VID_1430/PID_0150
2026-04-22 12:01:01.923 | Candidate HID Path: \\?\HID#SYNA2BA6&COL04#4&1DC0A8B0&0&0003#{4D1E55B2-F16F-11CF-88CB-001111000030}
2026-04-22 12:01:01.924 | Rejected HID path because it is not VID_1430/PID_0150
2026-04-22 12:01:01.924 | Candidate HID Path: \\?\HID#VID_048D&PID_C101&COL04#7&5A8D188&0&0003#{4D1E55B2-F16F-11CF-88CB-001111000030}
2026-04-22 12:01:01.925 | Rejected HID path because it is not VID_1430/PID_0150
2026-04-22 12:01:01.925 | Candidate HID Path: \\?\HID#VID_1430&PID_0150#7&1208F419&3&0000#{4D1E55B2-F16F-11CF-88CB-001111000030}
2026-04-22 12:01:01.926 | CreateFile (query handle) succeeded
2026-04-22 12:01:01.927 | Attributes VID=5168 PID=336
2026-04-22 12:01:01.928 | Portal candidate accepted: \\?\hid#vid_1430&pid_0150#7&1208f419&3&0000#{4d1e55b2-f16f-11cf-88cb-001111000030}
2026-04-22 12:01:01.930 | Re-opening portal with read/write access: \\?\hid#vid_1430&pid_0150#7&1208f419&3&0000#{4d1e55b2-f16f-11cf-88cb-001111000030}
2026-04-22 12:01:01.931 | CreateFile (read/write handle) succeeded
2026-04-22 12:01:01.932 | Portal connected successfully
2026-04-22 12:01:12.849 | outputReport() called
2026-04-22 12:01:12.906 | outputReport() called
2026-04-22 12:01:13.408 | outputReport() called
2026-04-22 12:01:13.487 | outputReport() called
2026-04-22 12:01:13.502 | outputReport() called
2026-04-22 12:01:13.548 | outputReport() called
2026-04-22 12:01:13.593 | outputReport() called
2026-04-22 12:01:13.677 | outputReport() called
2026-04-22 12:01:13.720 | outputReport() called
2026-04-22 12:01:13.767 | outputReport() called
2026-04-22 12:01:13.815 | outputReport() called
2026-04-22 12:01:13.862 | outputReport() called
2026-04-22 12:01:13.910 | outputReport() called
2026-04-22 12:01:13.926 | outputReport() called
2026-04-22 12:01:13.976 | outputReport() called
2026-04-22 12:01:14.021 | outputReport() called
2026-04-22 12:01:14.069 | outputReport() called
2026-04-22 12:01:14.146 | outputReport() called
2026-04-22 12:01:14.162 | outputReport() called
2026-04-22 12:01:14.176 | outputReport() called
2026-04-22 12:01:14.224 | outputReport() called
2026-04-22 12:01:14.273 | outputReport() called
2026-04-22 12:01:14.350 | outputReport() called
2026-04-22 12:01:14.365 | outputReport() called
2026-04-22 12:01:14.380 | outputReport() called
2026-04-22 12:01:14.427 | outputReport() called
2026-04-22 12:01:14.444 | outputReport() called
2026-04-22 12:01:14.457 | outputReport() called
2026-04-22 12:01:14.474 | outputReport() called
2026-04-22 12:01:14.522 | outputReport() called
2026-04-22 12:01:14.571 | outputReport() called
2026-04-22 12:01:14.586 | outputReport() called
2026-04-22 12:01:14.636 | outputReport() called
2026-04-22 12:01:14.718 | outputReport() called
2026-04-22 12:01:14.768 | outputReport() called
2026-04-22 12:01:14.811 | outputReport() called
2026-04-22 12:01:14.829 | outputReport() called
2026-04-22 12:01:14.909 | outputReport() called
2026-04-22 12:01:14.984 | outputReport() called
2026-04-22 12:01:15.030 | outputReport() called
2026-04-22 12:01:15.045 | outputReport() called
2026-04-22 12:01:15.094 | outputReport() called
2026-04-22 12:01:15.105 | outputReport() called
2026-04-22 12:01:15.121 | outputReport() called
2026-04-22 12:01:15.135 | outputReport() called
2026-04-22 12:01:15.182 | outputReport() called
2026-04-22 12:01:15.198 | outputReport() called
2026-04-22 12:01:15.214 | outputReport() called
2026-04-22 12:01:15.229 | outputReport() called
2026-04-22 12:01:15.277 | outputReport() called
2026-04-22 12:01:15.295 | outputReport() called
2026-04-22 12:01:15.399 | outputReport() called
2026-04-22 12:01:15.448 | outputReport() called
2026-04-22 12:01:15.465 | outputReport() called
2026-04-22 12:01:15.481 | outputReport() called
2026-04-22 12:01:15.562 | outputReport() called
2026-04-22 12:01:15.580 | outputReport() called
2026-04-22 12:01:15.691 | outputReport() called
2026-04-22 12:01:15.704 | outputReport() called
2026-04-22 12:01:15.719 | outputReport() called
2026-04-22 12:01:15.766 | outputReport() called
2026-04-22 12:01:15.812 | outputReport() called
2026-04-22 12:01:15.827 | outputReport() called
2026-04-22 12:01:15.872 | outputReport() called
2026-04-22 12:01:15.921 | outputReport() called
2026-04-22 12:01:15.968 | outputReport() called
2026-04-22 12:01:30.667 | outputReport() called
2026-04-22 12:01:30.723 | outputReport() called
2026-04-22 12:01:31.238 | outputReport() called
2026-04-22 12:01:31.347 | outputReport() called
2026-04-22 12:01:31.457 | outputReport() called
2026-04-22 12:01:31.566 | outputReport() called
2026-04-22 12:01:31.675 | outputReport() called
2026-04-22 12:01:31.785 | outputReport() called
2026-04-22 12:01:31.895 | outputReport() called
2026-04-22 12:01:32.006 | outputReport() called
2026-04-22 12:01:32.117 | outputReport() called
2026-04-22 12:01:32.227 | outputReport() called
2026-04-22 12:01:32.337 | outputReport() called
2026-04-22 12:01:32.446 | outputReport() called
2026-04-22 12:01:32.556 | outputReport() called
2026-04-22 12:01:32.665 | outputReport() called
2026-04-22 12:01:32.774 | outputReport() called
2026-04-22 12:01:32.884 | outputReport() called
2026-04-22 12:01:32.995 | outputReport() called
2026-04-22 12:01:33.105 | outputReport() called
2026-04-22 12:01:33.214 | outputReport() called
2026-04-22 12:01:33.322 | outputReport() called
2026-04-22 12:01:33.433 | outputReport() called
2026-04-22 12:01:33.543 | outputReport() called
2026-04-22 12:01:33.652 | outputReport() called
2026-04-22 12:01:33.762 | outputReport() called
2026-04-22 12:01:33.873 | outputReport() called
2026-04-22 12:01:33.982 | outputReport() called
2026-04-22 12:01:34.092 | outputReport() called
2026-04-22 12:01:34.203 | outputReport() called
2026-04-22 12:01:34.312 | outputReport() called
2026-04-22 12:01:34.422 | outputReport() called
2026-04-22 12:01:34.532 | outputReport() called
2026-04-22 12:01:34.642 | outputReport() called
2026-04-22 12:01:34.751 | outputReport() called
2026-04-22 12:01:34.861 | outputReport() called
2026-04-22 12:01:34.971 | outputReport() called
2026-04-22 12:01:35.080 | outputReport() called
2026-04-22 12:01:35.190 | outputReport() called
2026-04-22 12:01:35.301 | outputReport() called
2026-04-22 12:01:35.410 | outputReport() called
2026-04-22 12:01:35.518 | outputReport() called
2026-04-22 12:01:35.628 | outputReport() called
2026-04-22 12:01:35.738 | outputReport() called
2026-04-22 12:01:35.847 | outputReport() called
2026-04-22 12:01:35.957 | outputReport() called
2026-04-22 12:01:36.067 | outputReport() called
2026-04-22 12:01:36.177 | outputReport() called
2026-04-22 12:01:36.287 | outputReport() called
2026-04-22 12:01:36.397 | outputReport() called
2026-04-22 12:01:36.507 | outputReport() called
2026-04-22 12:01:36.617 | outputReport() called
2026-04-22 12:01:36.728 | outputReport() called
2026-04-22 12:01:36.837 | outputReport() called
2026-04-22 12:01:36.947 | outputReport() called
2026-04-22 12:01:37.057 | outputReport() called
2026-04-22 12:01:37.165 | outputReport() called
2026-04-22 12:01:37.275 | outputReport() called
2026-04-22 12:01:37.383 | outputReport() called
2026-04-22 12:01:37.492 | outputReport() called
2026-04-22 12:01:37.601 | outputReport() called
2026-04-22 12:02:08.597 | ConnectToPortalToolStripMenuItem_Click() fired
2026-04-22 12:02:08.599 | FindThePortal() started
2026-04-22 12:02:08.599 | FindDeviceFromGuid() started
2026-04-22 12:02:08.601 | HID ENUM: \\?\hid#vid_048d&pid_c101&col05#7&5a8d188&0&0004#{4d1e55b2-f16f-11cf-88cb-001111000030}
2026-04-22 12:02:08.602 | HID ENUM: \\?\hid#vid_048d&pid_c965&mi_01#8&419689c&0&0000#{4d1e55b2-f16f-11cf-88cb-001111000030}
2026-04-22 12:02:08.602 | HID ENUM: \\?\hid#vid_048d&pid_c965&mi_00&col01#8&27f0a65e&0&0000#{4d1e55b2-f16f-11cf-88cb-001111000030}
2026-04-22 12:02:08.603 | HID ENUM: \\?\hid#vid_048d&pid_c965&mi_00&col02#8&27f0a65e&0&0001#{4d1e55b2-f16f-11cf-88cb-001111000030}
2026-04-22 12:02:08.603 | HID ENUM: \\?\hid#vid_048d&pid_c965&mi_00&col03#8&27f0a65e&0&0002#{4d1e55b2-f16f-11cf-88cb-001111000030}
2026-04-22 12:02:08.604 | HID ENUM: \\?\hid#vid_048d&pid_c101&col01#7&5a8d188&0&0000#{4d1e55b2-f16f-11cf-88cb-001111000030}
2026-04-22 12:02:08.604 | HID ENUM: \\?\hid#vid_048d&pid_c965&mi_00&col05#8&27f0a65e&0&0004#{4d1e55b2-f16f-11cf-88cb-001111000030}
2026-04-22 12:02:08.605 | HID ENUM: \\?\hid#vid_413c&pid_301a#8&1167722d&1&0000#{4d1e55b2-f16f-11cf-88cb-001111000030}
2026-04-22 12:02:08.611 | HID ENUM: \\?\hid#vid_048d&pid_c101&col02#7&5a8d188&0&0001#{4d1e55b2-f16f-11cf-88cb-001111000030}\kbd
2026-04-22 12:02:08.612 | HID ENUM: \\?\hid#vid_048d&pid_c101&col03#7&5a8d188&0&0002#{4d1e55b2-f16f-11cf-88cb-001111000030}
2026-04-22 12:02:08.613 | HID ENUM: \\?\hid#syna2ba6&col01#4&1dc0a8b0&0&0000#{4d1e55b2-f16f-11cf-88cb-001111000030}
2026-04-22 12:02:08.613 | HID ENUM: \\?\hid#vid_048d&pid_c965&mi_00&col04#8&27f0a65e&0&0003#{4d1e55b2-f16f-11cf-88cb-001111000030}\kbd
2026-04-22 12:02:08.614 | HID ENUM: \\?\hid#syna2ba6&col02#4&1dc0a8b0&0&0001#{4d1e55b2-f16f-11cf-88cb-001111000030}
2026-04-22 12:02:08.614 | HID ENUM: \\?\hid#syna2ba6&col03#4&1dc0a8b0&0&0002#{4d1e55b2-f16f-11cf-88cb-001111000030}
2026-04-22 12:02:08.615 | HID ENUM: \\?\hid#syna2ba6&col04#4&1dc0a8b0&0&0003#{4d1e55b2-f16f-11cf-88cb-001111000030}
2026-04-22 12:02:08.615 | HID ENUM: \\?\hid#vid_048d&pid_c101&col04#7&5a8d188&0&0003#{4d1e55b2-f16f-11cf-88cb-001111000030}
2026-04-22 12:02:08.616 | HID ENUM: \\?\hid#vid_1430&pid_0150#7&1208f419&3&0000#{4d1e55b2-f16f-11cf-88cb-001111000030}
2026-04-22 12:02:08.616 | SetupDiEnumDeviceInterfaces finished at memberIndex=17
2026-04-22 12:02:08.617 | FindDeviceFromGuid() returning True
2026-04-22 12:02:08.617 | Candidate HID Path: \\?\HID#VID_048D&PID_C101&COL05#7&5A8D188&0&0004#{4D1E55B2-F16F-11CF-88CB-001111000030}
2026-04-22 12:02:08.617 | Rejected HID path because it is not VID_1430/PID_0150
2026-04-22 12:02:08.618 | Candidate HID Path: \\?\HID#VID_048D&PID_C965&MI_01#8&419689C&0&0000#{4D1E55B2-F16F-11CF-88CB-001111000030}
2026-04-22 12:02:08.618 | Rejected HID path because it is not VID_1430/PID_0150
2026-04-22 12:02:08.619 | Candidate HID Path: \\?\HID#VID_048D&PID_C965&MI_00&COL01#8&27F0A65E&0&0000#{4D1E55B2-F16F-11CF-88CB-001111000030}
2026-04-22 12:02:08.619 | Rejected HID path because it is not VID_1430/PID_0150
2026-04-22 12:02:08.620 | Candidate HID Path: \\?\HID#VID_048D&PID_C965&MI_00&COL02#8&27F0A65E&0&0001#{4D1E55B2-F16F-11CF-88CB-001111000030}
2026-04-22 12:02:08.621 | Rejected HID path because it is not VID_1430/PID_0150
2026-04-22 12:02:08.621 | Candidate HID Path: \\?\HID#VID_048D&PID_C965&MI_00&COL03#8&27F0A65E&0&0002#{4D1E55B2-F16F-11CF-88CB-001111000030}
2026-04-22 12:02:08.621 | Rejected HID path because it is not VID_1430/PID_0150
2026-04-22 12:02:08.622 | Candidate HID Path: \\?\HID#VID_048D&PID_C101&COL01#7&5A8D188&0&0000#{4D1E55B2-F16F-11CF-88CB-001111000030}
2026-04-22 12:02:08.622 | Rejected HID path because it is not VID_1430/PID_0150
2026-04-22 12:02:08.623 | Candidate HID Path: \\?\HID#VID_048D&PID_C965&MI_00&COL05#8&27F0A65E&0&0004#{4D1E55B2-F16F-11CF-88CB-001111000030}
2026-04-22 12:02:08.623 | Rejected HID path because it is not VID_1430/PID_0150
2026-04-22 12:02:08.624 | Candidate HID Path: \\?\HID#VID_413C&PID_301A#8&1167722D&1&0000#{4D1E55B2-F16F-11CF-88CB-001111000030}
2026-04-22 12:02:08.624 | Rejected HID path because it is not VID_1430/PID_0150
2026-04-22 12:02:08.625 | Candidate HID Path: \\?\HID#VID_048D&PID_C101&COL02#7&5A8D188&0&0001#{4D1E55B2-F16F-11CF-88CB-001111000030}\KBD
2026-04-22 12:02:08.625 | Rejected HID path because it is not VID_1430/PID_0150
2026-04-22 12:02:08.626 | Candidate HID Path: \\?\HID#VID_048D&PID_C101&COL03#7&5A8D188&0&0002#{4D1E55B2-F16F-11CF-88CB-001111000030}
2026-04-22 12:02:08.626 | Rejected HID path because it is not VID_1430/PID_0150
2026-04-22 12:02:08.626 | Candidate HID Path: \\?\HID#SYNA2BA6&COL01#4&1DC0A8B0&0&0000#{4D1E55B2-F16F-11CF-88CB-001111000030}
2026-04-22 12:02:08.627 | Rejected HID path because it is not VID_1430/PID_0150
2026-04-22 12:02:08.627 | Candidate HID Path: \\?\HID#VID_048D&PID_C965&MI_00&COL04#8&27F0A65E&0&0003#{4D1E55B2-F16F-11CF-88CB-001111000030}\KBD
2026-04-22 12:02:08.628 | Rejected HID path because it is not VID_1430/PID_0150
2026-04-22 12:02:08.628 | Candidate HID Path: \\?\HID#SYNA2BA6&COL02#4&1DC0A8B0&0&0001#{4D1E55B2-F16F-11CF-88CB-001111000030}
2026-04-22 12:02:08.629 | Rejected HID path because it is not VID_1430/PID_0150
2026-04-22 12:02:08.629 | Candidate HID Path: \\?\HID#SYNA2BA6&COL03#4&1DC0A8B0&0&0002#{4D1E55B2-F16F-11CF-88CB-001111000030}
2026-04-22 12:02:08.630 | Rejected HID path because it is not VID_1430/PID_0150
2026-04-22 12:02:08.630 | Candidate HID Path: \\?\HID#SYNA2BA6&COL04#4&1DC0A8B0&0&0003#{4D1E55B2-F16F-11CF-88CB-001111000030}
2026-04-22 12:02:08.630 | Rejected HID path because it is not VID_1430/PID_0150
2026-04-22 12:02:08.631 | Candidate HID Path: \\?\HID#VID_048D&PID_C101&COL04#7&5A8D188&0&0003#{4D1E55B2-F16F-11CF-88CB-001111000030}
2026-04-22 12:02:08.631 | Rejected HID path because it is not VID_1430/PID_0150
2026-04-22 12:02:08.632 | Candidate HID Path: \\?\HID#VID_1430&PID_0150#7&1208F419&3&0000#{4D1E55B2-F16F-11CF-88CB-001111000030}
2026-04-22 12:02:08.632 | CreateFile (query handle) succeeded
2026-04-22 12:02:08.633 | Attributes VID=5168 PID=336
2026-04-22 12:02:08.633 | Portal candidate accepted: \\?\hid#vid_1430&pid_0150#7&1208f419&3&0000#{4d1e55b2-f16f-11cf-88cb-001111000030}
2026-04-22 12:02:08.635 | Re-opening portal with read/write access: \\?\hid#vid_1430&pid_0150#7&1208f419&3&0000#{4d1e55b2-f16f-11cf-88cb-001111000030}
2026-04-22 12:02:08.635 | CreateFile (read/write handle) succeeded
2026-04-22 12:02:08.636 | Portal connected successfully
2026-04-22 12:02:24.607 | outputReport() called
2026-04-22 12:02:24.672 | outputReport() called
2026-04-22 12:02:25.175 | outputReport() called
2026-04-22 12:02:25.225 | outputReport() called
2026-04-22 12:02:25.240 | outputReport() called
2026-04-22 12:02:25.382 | outputReport() called
2026-04-22 12:02:25.396 | outputReport() called
2026-04-22 12:02:25.444 | outputReport() called
2026-04-22 12:02:25.461 | outputReport() called
2026-04-22 12:02:25.507 | outputReport() called
2026-04-22 12:02:25.555 | outputReport() called
2026-04-22 12:02:25.570 | outputReport() called
2026-04-22 12:02:25.680 | outputReport() called
2026-04-22 12:02:25.760 | outputReport() called
2026-04-22 12:02:25.805 | outputReport() called
2026-04-22 12:02:25.854 | outputReport() called
2026-04-22 12:02:25.868 | outputReport() called
2026-04-22 12:02:25.884 | outputReport() called
2026-04-22 12:02:25.963 | outputReport() called
2026-04-22 12:02:26.011 | outputReport() called
2026-04-22 12:02:26.026 | outputReport() called
2026-04-22 12:02:26.072 | outputReport() called
2026-04-22 12:02:26.185 | outputReport() called
2026-04-22 12:02:26.232 | outputReport() called
2026-04-22 12:02:26.279 | outputReport() called
2026-04-22 12:02:26.293 | outputReport() called
2026-04-22 12:02:26.343 | outputReport() called
2026-04-22 12:02:26.391 | outputReport() called
2026-04-22 12:02:26.472 | outputReport() called
2026-04-22 12:02:26.490 | outputReport() called
2026-04-22 12:02:26.539 | outputReport() called
2026-04-22 12:02:26.556 | outputReport() called
2026-04-22 12:02:26.606 | outputReport() called
2026-04-22 12:02:26.686 | outputReport() called
2026-04-22 12:02:26.800 | outputReport() called
2026-04-22 12:02:26.849 | outputReport() called
2026-04-22 12:02:26.898 | outputReport() called
2026-04-22 12:02:26.914 | outputReport() called
2026-04-22 12:02:26.964 | outputReport() called
2026-04-22 12:02:26.981 | outputReport() called
2026-04-22 12:02:27.061 | outputReport() called
2026-04-22 12:02:27.077 | outputReport() called
2026-04-22 12:02:27.158 | outputReport() called
2026-04-22 12:02:27.209 | outputReport() called
2026-04-22 12:02:27.289 | outputReport() called
2026-04-22 12:02:27.336 | outputReport() called
2026-04-22 12:02:27.353 | outputReport() called
2026-04-22 12:02:27.403 | outputReport() called
2026-04-22 12:02:27.452 | outputReport() called
2026-04-22 12:02:27.501 | outputReport() called
2026-04-22 12:02:27.582 | outputReport() called
2026-04-22 12:02:27.631 | outputReport() called
2026-04-22 12:02:27.744 | outputReport() called
2026-04-22 12:02:27.760 | outputReport() called
2026-04-22 12:02:27.809 | outputReport() called
2026-04-22 12:02:27.889 | outputReport() called
2026-04-22 12:02:27.939 | outputReport() called
2026-04-22 12:02:27.990 | outputReport() called
2026-04-22 12:02:28.038 | outputReport() called
2026-04-22 12:02:28.118 | outputReport() called
2026-04-22 12:02:28.199 | outputReport() called
2026-04-22 12:02:28.215 | outputReport() called
2026-04-22 12:02:28.264 | outputReport() called
2026-04-22 12:02:28.280 | outputReport() called
2026-04-22 12:02:28.328 | outputReport() called
2026-04-22 12:02:28.345 | outputReport() called
2026-04-22 12:03:23.449 | ConnectToPortalToolStripMenuItem_Click() fired
2026-04-22 12:03:23.450 | FindThePortal() started
2026-04-22 12:03:23.450 | FindDeviceFromGuid() started
2026-04-22 12:03:23.451 | HID ENUM: \\?\hid#vid_048d&pid_c101&col05#7&5a8d188&0&0004#{4d1e55b2-f16f-11cf-88cb-001111000030}
2026-04-22 12:03:23.452 | HID ENUM: \\?\hid#vid_048d&pid_c965&mi_01#8&419689c&0&0000#{4d1e55b2-f16f-11cf-88cb-001111000030}
2026-04-22 12:03:23.452 | HID ENUM: \\?\hid#vid_048d&pid_c965&mi_00&col01#8&27f0a65e&0&0000#{4d1e55b2-f16f-11cf-88cb-001111000030}
2026-04-22 12:03:23.453 | HID ENUM: \\?\hid#vid_048d&pid_c965&mi_00&col02#8&27f0a65e&0&0001#{4d1e55b2-f16f-11cf-88cb-001111000030}
2026-04-22 12:03:23.453 | HID ENUM: \\?\hid#vid_048d&pid_c965&mi_00&col03#8&27f0a65e&0&0002#{4d1e55b2-f16f-11cf-88cb-001111000030}
2026-04-22 12:03:23.454 | HID ENUM: \\?\hid#vid_048d&pid_c101&col01#7&5a8d188&0&0000#{4d1e55b2-f16f-11cf-88cb-001111000030}
2026-04-22 12:03:23.454 | HID ENUM: \\?\hid#vid_048d&pid_c965&mi_00&col05#8&27f0a65e&0&0004#{4d1e55b2-f16f-11cf-88cb-001111000030}
2026-04-22 12:03:23.455 | HID ENUM: \\?\hid#vid_413c&pid_301a#8&1167722d&1&0000#{4d1e55b2-f16f-11cf-88cb-001111000030}
2026-04-22 12:03:23.455 | HID ENUM: \\?\hid#vid_048d&pid_c101&col02#7&5a8d188&0&0001#{4d1e55b2-f16f-11cf-88cb-001111000030}\kbd
2026-04-22 12:03:23.456 | HID ENUM: \\?\hid#vid_048d&pid_c101&col03#7&5a8d188&0&0002#{4d1e55b2-f16f-11cf-88cb-001111000030}
2026-04-22 12:03:23.456 | HID ENUM: \\?\hid#syna2ba6&col01#4&1dc0a8b0&0&0000#{4d1e55b2-f16f-11cf-88cb-001111000030}
2026-04-22 12:03:23.457 | HID ENUM: \\?\hid#vid_048d&pid_c965&mi_00&col04#8&27f0a65e&0&0003#{4d1e55b2-f16f-11cf-88cb-001111000030}\kbd
2026-04-22 12:03:23.457 | HID ENUM: \\?\hid#syna2ba6&col02#4&1dc0a8b0&0&0001#{4d1e55b2-f16f-11cf-88cb-001111000030}
2026-04-22 12:03:23.458 | HID ENUM: \\?\hid#syna2ba6&col03#4&1dc0a8b0&0&0002#{4d1e55b2-f16f-11cf-88cb-001111000030}
2026-04-22 12:03:23.458 | HID ENUM: \\?\hid#syna2ba6&col04#4&1dc0a8b0&0&0003#{4d1e55b2-f16f-11cf-88cb-001111000030}
2026-04-22 12:03:23.458 | HID ENUM: \\?\hid#vid_048d&pid_c101&col04#7&5a8d188&0&0003#{4d1e55b2-f16f-11cf-88cb-001111000030}
2026-04-22 12:03:23.459 | HID ENUM: \\?\hid#vid_1430&pid_0150#7&1208f419&3&0000#{4d1e55b2-f16f-11cf-88cb-001111000030}
2026-04-22 12:03:23.460 | SetupDiEnumDeviceInterfaces finished at memberIndex=17
2026-04-22 12:03:23.460 | FindDeviceFromGuid() returning True
2026-04-22 12:03:23.461 | Candidate HID Path: \\?\HID#VID_048D&PID_C101&COL05#7&5A8D188&0&0004#{4D1E55B2-F16F-11CF-88CB-001111000030}
2026-04-22 12:03:23.461 | Rejected HID path because it is not VID_1430/PID_0150
2026-04-22 12:03:23.462 | Candidate HID Path: \\?\HID#VID_048D&PID_C965&MI_01#8&419689C&0&0000#{4D1E55B2-F16F-11CF-88CB-001111000030}
2026-04-22 12:03:23.462 | Rejected HID path because it is not VID_1430/PID_0150
2026-04-22 12:03:23.463 | Candidate HID Path: \\?\HID#VID_048D&PID_C965&MI_00&COL01#8&27F0A65E&0&0000#{4D1E55B2-F16F-11CF-88CB-001111000030}
2026-04-22 12:03:23.463 | Rejected HID path because it is not VID_1430/PID_0150
2026-04-22 12:03:23.464 | Candidate HID Path: \\?\HID#VID_048D&PID_C965&MI_00&COL02#8&27F0A65E&0&0001#{4D1E55B2-F16F-11CF-88CB-001111000030}
2026-04-22 12:03:23.464 | Rejected HID path because it is not VID_1430/PID_0150
2026-04-22 12:03:23.465 | Candidate HID Path: \\?\HID#VID_048D&PID_C965&MI_00&COL03#8&27F0A65E&0&0002#{4D1E55B2-F16F-11CF-88CB-001111000030}
2026-04-22 12:03:23.465 | Rejected HID path because it is not VID_1430/PID_0150
2026-04-22 12:03:23.465 | Candidate HID Path: \\?\HID#VID_048D&PID_C101&COL01#7&5A8D188&0&0000#{4D1E55B2-F16F-11CF-88CB-001111000030}
2026-04-22 12:03:23.466 | Rejected HID path because it is not VID_1430/PID_0150
2026-04-22 12:03:23.466 | Candidate HID Path: \\?\HID#VID_048D&PID_C965&MI_00&COL05#8&27F0A65E&0&0004#{4D1E55B2-F16F-11CF-88CB-001111000030}
2026-04-22 12:03:23.466 | Rejected HID path because it is not VID_1430/PID_0150
2026-04-22 12:03:23.467 | Candidate HID Path: \\?\HID#VID_413C&PID_301A#8&1167722D&1&0000#{4D1E55B2-F16F-11CF-88CB-001111000030}
2026-04-22 12:03:23.467 | Rejected HID path because it is not VID_1430/PID_0150
2026-04-22 12:03:23.468 | Candidate HID Path: \\?\HID#VID_048D&PID_C101&COL02#7&5A8D188&0&0001#{4D1E55B2-F16F-11CF-88CB-001111000030}\KBD
2026-04-22 12:03:23.468 | Rejected HID path because it is not VID_1430/PID_0150
2026-04-22 12:03:23.468 | Candidate HID Path: \\?\HID#VID_048D&PID_C101&COL03#7&5A8D188&0&0002#{4D1E55B2-F16F-11CF-88CB-001111000030}
2026-04-22 12:03:23.469 | Rejected HID path because it is not VID_1430/PID_0150
2026-04-22 12:03:23.469 | Candidate HID Path: \\?\HID#SYNA2BA6&COL01#4&1DC0A8B0&0&0000#{4D1E55B2-F16F-11CF-88CB-001111000030}
2026-04-22 12:03:23.470 | Rejected HID path because it is not VID_1430/PID_0150
2026-04-22 12:03:23.470 | Candidate HID Path: \\?\HID#VID_048D&PID_C965&MI_00&COL04#8&27F0A65E&0&0003#{4D1E55B2-F16F-11CF-88CB-001111000030}\KBD
2026-04-22 12:03:23.471 | Rejected HID path because it is not VID_1430/PID_0150
2026-04-22 12:03:23.471 | Candidate HID Path: \\?\HID#SYNA2BA6&COL02#4&1DC0A8B0&0&0001#{4D1E55B2-F16F-11CF-88CB-001111000030}
2026-04-22 12:03:23.472 | Rejected HID path because it is not VID_1430/PID_0150
2026-04-22 12:03:23.472 | Candidate HID Path: \\?\HID#SYNA2BA6&COL03#4&1DC0A8B0&0&0002#{4D1E55B2-F16F-11CF-88CB-001111000030}
2026-04-22 12:03:23.472 | Rejected HID path because it is not VID_1430/PID_0150
2026-04-22 12:03:23.473 | Candidate HID Path: \\?\HID#SYNA2BA6&COL04#4&1DC0A8B0&0&0003#{4D1E55B2-F16F-11CF-88CB-001111000030}
2026-04-22 12:03:23.473 | Rejected HID path because it is not VID_1430/PID_0150
2026-04-22 12:03:23.474 | Candidate HID Path: \\?\HID#VID_048D&PID_C101&COL04#7&5A8D188&0&0003#{4D1E55B2-F16F-11CF-88CB-001111000030}
2026-04-22 12:03:23.474 | Rejected HID path because it is not VID_1430/PID_0150
2026-04-22 12:03:23.475 | Candidate HID Path: \\?\HID#VID_1430&PID_0150#7&1208F419&3&0000#{4D1E55B2-F16F-11CF-88CB-001111000030}
2026-04-22 12:03:23.475 | CreateFile (query handle) succeeded
2026-04-22 12:03:23.476 | Attributes VID=5168 PID=336
2026-04-22 12:03:23.476 | Portal candidate accepted: \\?\hid#vid_1430&pid_0150#7&1208f419&3&0000#{4d1e55b2-f16f-11cf-88cb-001111000030}
2026-04-22 12:03:23.477 | Re-opening portal with read/write access: \\?\hid#vid_1430&pid_0150#7&1208f419&3&0000#{4d1e55b2-f16f-11cf-88cb-001111000030}
2026-04-22 12:03:23.477 | CreateFile (read/write handle) succeeded
2026-04-22 12:03:23.478 | Portal connected successfully
2026-04-22 12:03:31.466 | outputReport() called
2026-04-22 12:03:31.531 | outputReport() called
2026-04-22 12:03:32.046 | outputReport() called
2026-04-22 12:03:32.093 | outputReport() called
2026-04-22 12:03:32.138 | outputReport() called
2026-04-22 12:03:32.283 | outputReport() called
2026-04-22 12:03:32.397 | outputReport() called
2026-04-22 12:03:32.445 | outputReport() called
2026-04-22 12:03:32.525 | outputReport() called
2026-04-22 12:03:32.573 | outputReport() called
2026-04-22 12:03:32.621 | outputReport() called
2026-04-22 12:03:32.669 | outputReport() called
2026-04-22 12:03:32.718 | outputReport() called
2026-04-22 12:03:32.768 | outputReport() called
2026-04-22 12:03:32.819 | outputReport() called
2026-04-22 12:03:32.867 | outputReport() called
2026-04-22 12:03:32.914 | outputReport() called
2026-04-22 12:03:32.996 | outputReport() called
2026-04-22 12:03:33.076 | outputReport() called
2026-04-22 12:03:33.156 | outputReport() called
2026-04-22 12:03:33.234 | outputReport() called
2026-04-22 12:03:33.282 | outputReport() called
2026-04-22 12:03:33.333 | outputReport() called
2026-04-22 12:03:33.380 | outputReport() called
2026-04-22 12:03:33.462 | outputReport() called
2026-04-22 12:03:33.575 | outputReport() called
2026-04-22 12:03:33.592 | outputReport() called
2026-04-22 12:03:33.639 | outputReport() called
2026-04-22 12:03:33.719 | outputReport() called
2026-04-22 12:03:33.767 | outputReport() called
2026-04-22 12:03:33.850 | outputReport() called
2026-04-22 12:03:33.932 | outputReport() called
2026-04-22 12:03:33.982 | outputReport() called
2026-04-22 12:03:34.031 | outputReport() called
2026-04-22 12:03:34.079 | outputReport() called
2026-04-22 12:03:34.129 | outputReport() called
2026-04-22 12:03:34.146 | outputReport() called
2026-04-22 12:03:34.194 | outputReport() called
2026-04-22 12:03:34.275 | outputReport() called
2026-04-22 12:03:34.356 | outputReport() called
2026-04-22 12:03:34.406 | outputReport() called
2026-04-22 12:03:34.454 | outputReport() called
2026-04-22 12:03:34.534 | outputReport() called
2026-04-22 12:03:34.584 | outputReport() called
2026-04-22 12:03:34.728 | outputReport() called
2026-04-22 12:03:34.778 | outputReport() called
2026-04-22 12:03:34.826 | outputReport() called
2026-04-22 12:03:34.971 | outputReport() called
2026-04-22 12:03:34.989 | outputReport() called
2026-04-22 12:03:35.069 | outputReport() called
2026-04-22 12:03:35.119 | outputReport() called
2026-04-22 12:03:35.200 | outputReport() called
2026-04-22 12:03:35.281 | outputReport() called
2026-04-22 12:03:35.298 | outputReport() called
2026-04-22 12:03:35.316 | outputReport() called
2026-04-22 12:03:35.363 | outputReport() called
2026-04-22 12:03:35.444 | outputReport() called
2026-04-22 12:03:35.462 | outputReport() called
2026-04-22 12:03:35.575 | outputReport() called
2026-04-22 12:03:35.625 | outputReport() called
2026-04-22 12:03:35.706 | outputReport() called
2026-04-22 12:03:35.754 | outputReport() called
2026-04-22 12:03:35.805 | outputReport() called
2026-04-22 12:03:35.822 | outputReport() called
2026-04-22 12:03:35.903 | outputReport() called
2026-04-22 12:03:36.049 | outputReport() called
2026-04-22 12:03:47.748 | outputReport() called
2026-04-22 12:03:47.815 | outputReport() called
2026-04-22 12:03:48.330 | outputReport() called
2026-04-22 12:03:48.412 | outputReport() called
2026-04-22 12:03:48.426 | outputReport() called
2026-04-22 12:03:48.474 | outputReport() called
2026-04-22 12:03:48.553 | outputReport() called
2026-04-22 12:03:48.636 | outputReport() called
2026-04-22 12:03:48.686 | outputReport() called
2026-04-22 12:03:48.767 | outputReport() called
2026-04-22 12:03:48.880 | outputReport() called
2026-04-22 12:03:48.961 | outputReport() called
2026-04-22 12:03:49.012 | outputReport() called
2026-04-22 12:03:49.028 | outputReport() called
2026-04-22 12:03:49.109 | outputReport() called
2026-04-22 12:03:49.157 | outputReport() called
2026-04-22 12:03:49.237 | outputReport() called
2026-04-22 12:03:49.256 | outputReport() called
2026-04-22 12:03:49.306 | outputReport() called
2026-04-22 12:03:49.386 | outputReport() called
2026-04-22 12:03:49.435 | outputReport() called
2026-04-22 12:03:49.485 | outputReport() called
2026-04-22 12:03:49.532 | outputReport() called
2026-04-22 12:03:49.581 | outputReport() called
2026-04-22 12:03:49.597 | outputReport() called
2026-04-22 12:03:49.679 | outputReport() called
2026-04-22 12:03:49.760 | outputReport() called
2026-04-22 12:03:49.904 | outputReport() called
2026-04-22 12:03:50.049 | outputReport() called
2026-04-22 12:03:50.162 | outputReport() called
2026-04-22 12:03:50.243 | outputReport() called
2026-04-22 12:03:50.387 | outputReport() called
2026-04-22 12:03:50.404 | outputReport() called
2026-04-22 12:03:50.485 | outputReport() called
2026-04-22 12:03:50.501 | outputReport() called
2026-04-22 12:03:50.580 | outputReport() called
2026-04-22 12:03:50.660 | outputReport() called
2026-04-22 12:03:50.742 | outputReport() called
2026-04-22 12:03:50.824 | outputReport() called
2026-04-22 12:03:50.841 | outputReport() called
2026-04-22 12:03:50.889 | outputReport() called
2026-04-22 12:03:50.971 | outputReport() called
2026-04-22 12:03:50.989 | outputReport() called
2026-04-22 12:03:51.102 | outputReport() called
2026-04-22 12:03:51.151 | outputReport() called
2026-04-22 12:03:51.232 | outputReport() called
2026-04-22 12:03:51.344 | outputReport() called
2026-04-22 12:03:51.391 | outputReport() called
2026-04-22 12:03:51.538 | outputReport() called
2026-04-22 12:03:51.651 | outputReport() called
2026-04-22 12:03:51.667 | outputReport() called
2026-04-22 12:03:51.750 | outputReport() called
2026-04-22 12:03:51.800 | outputReport() called
2026-04-22 12:03:51.880 | outputReport() called
2026-04-22 12:03:51.962 | outputReport() called
2026-04-22 12:03:52.042 | outputReport() called
2026-04-22 12:03:52.153 | outputReport() called
2026-04-22 12:03:52.234 | outputReport() called
2026-04-22 12:03:52.317 | outputReport() called
2026-04-22 12:03:52.367 | outputReport() called
2026-04-22 12:03:52.384 | outputReport() called
2026-04-22 12:03:52.465 | outputReport() called
2026-04-22 12:03:52.578 | outputReport() called
2026-04-22 12:03:52.659 | outputReport() called
2026-04-22 12:03:52.709 | outputReport() called
2026-04-22 12:03:52.789 | outputReport() called
2026-04-22 12:04:14.532 | outputReport() called
2026-04-22 12:04:14.585 | outputReport() called
2026-04-22 12:04:15.102 | outputReport() called
2026-04-22 12:04:15.117 | outputReport() called
2026-04-22 12:04:15.195 | outputReport() called
2026-04-22 12:04:15.306 | outputReport() called
2026-04-22 12:04:15.353 | outputReport() called
2026-04-22 12:04:15.467 | outputReport() called
2026-04-22 12:04:15.547 | outputReport() called
2026-04-22 12:04:15.596 | outputReport() called
2026-04-22 12:04:15.645 | outputReport() called
2026-04-22 12:04:15.759 | outputReport() called
2026-04-22 12:04:15.776 | outputReport() called
2026-04-22 12:04:15.826 | outputReport() called
2026-04-22 12:04:15.844 | outputReport() called
2026-04-22 12:04:15.893 | outputReport() called
2026-04-22 12:04:15.976 | outputReport() called
2026-04-22 12:04:16.090 | outputReport() called
2026-04-22 12:04:16.169 | outputReport() called
2026-04-22 12:04:16.219 | outputReport() called
2026-04-22 12:04:16.302 | outputReport() called
2026-04-22 12:04:16.352 | outputReport() called
2026-04-22 12:04:16.435 | outputReport() called
2026-04-22 12:04:16.518 | outputReport() called
2026-04-22 12:04:16.598 | outputReport() called
2026-04-22 12:04:16.647 | outputReport() called
2026-04-22 12:04:16.759 | outputReport() called
2026-04-22 12:04:16.871 | outputReport() called
2026-04-22 12:04:16.953 | outputReport() called
2026-04-22 12:04:17.272 | outputReport() called
2026-04-22 12:04:17.322 | outputReport() called
2026-04-22 12:04:17.406 | outputReport() called
2026-04-22 12:04:17.454 | outputReport() called
2026-04-22 12:04:17.536 | outputReport() called
2026-04-22 12:04:17.587 | outputReport() called
2026-04-22 12:04:17.669 | outputReport() called
2026-04-22 12:04:17.750 | outputReport() called
2026-04-22 12:04:17.862 | outputReport() called
2026-04-22 12:04:17.912 | outputReport() called
2026-04-22 12:04:17.960 | outputReport() called
2026-04-22 12:04:18.040 | outputReport() called
2026-04-22 12:04:18.088 | outputReport() called
2026-04-22 12:04:18.136 | outputReport() called
2026-04-22 12:04:18.216 | outputReport() called
2026-04-22 12:04:18.330 | outputReport() called
2026-04-22 12:04:18.380 | outputReport() called
2026-04-22 12:04:18.462 | outputReport() called
2026-04-22 12:04:18.544 | outputReport() called
2026-04-22 12:04:18.592 | outputReport() called
2026-04-22 12:04:18.609 | outputReport() called
2026-04-22 12:04:18.687 | outputReport() called
2026-04-22 12:04:18.735 | outputReport() called
2026-04-22 12:04:18.784 | outputReport() called
2026-04-22 12:04:18.833 | outputReport() called
2026-04-22 12:04:18.915 | outputReport() called
2026-04-22 12:04:18.965 | outputReport() called
2026-04-22 12:04:19.047 | outputReport() called
2026-04-22 12:04:19.065 | outputReport() called
2026-04-22 12:04:19.145 | outputReport() called
2026-04-22 12:04:19.226 | outputReport() called
2026-04-22 12:04:19.309 | outputReport() called
2026-04-22 12:04:19.392 | outputReport() called
2026-04-22 12:04:19.505 | outputReport() called
2026-04-22 12:04:19.553 | outputReport() called
2026-04-22 12:04:19.602 | outputReport() called
2026-04-22 12:04:19.685 | outputReport() called
2026-04-22 12:04:19.798 | outputReport() called
2026-04-22 12:04:28.703 | outputReport() called
2026-04-22 12:04:28.770 | outputReport() called
2026-04-22 12:04:29.286 | outputReport() called
2026-04-22 12:04:29.398 | outputReport() called
2026-04-22 12:04:29.507 | outputReport() called
2026-04-22 12:04:29.616 | outputReport() called
2026-04-22 12:04:29.726 | outputReport() called
2026-04-22 12:04:29.836 | outputReport() called
2026-04-22 12:04:29.944 | outputReport() called
2026-04-22 12:04:30.054 | outputReport() called
2026-04-22 12:04:30.164 | outputReport() called
2026-04-22 12:04:30.272 | outputReport() called
2026-04-22 12:04:30.381 | outputReport() called
2026-04-22 12:04:30.490 | outputReport() called
2026-04-22 12:04:30.600 | outputReport() called
2026-04-22 12:04:30.708 | outputReport() called
2026-04-22 12:04:30.817 | outputReport() called
2026-04-22 12:04:30.925 | outputReport() called
2026-04-22 12:04:31.033 | outputReport() called
2026-04-22 12:04:31.142 | outputReport() called
2026-04-22 12:04:31.253 | outputReport() called
2026-04-22 12:04:31.363 | outputReport() called
2026-04-22 12:04:31.473 | outputReport() called
2026-04-22 12:04:31.584 | outputReport() called
2026-04-22 12:04:31.693 | outputReport() called
2026-04-22 12:04:31.803 | outputReport() called
2026-04-22 12:04:31.914 | outputReport() called
2026-04-22 12:04:32.023 | outputReport() called
2026-04-22 12:04:32.132 | outputReport() called
2026-04-22 12:04:32.243 | outputReport() called
2026-04-22 12:04:32.353 | outputReport() called
2026-04-22 12:04:32.465 | outputReport() called
2026-04-22 12:04:32.576 | outputReport() called
2026-04-22 12:04:32.686 | outputReport() called
2026-04-22 12:04:32.798 | outputReport() called
2026-04-22 12:04:32.909 | outputReport() called
2026-04-22 12:04:33.020 | outputReport() called
2026-04-22 12:04:33.131 | outputReport() called
2026-04-22 12:04:33.240 | outputReport() called
2026-04-22 12:04:33.351 | outputReport() called
2026-04-22 12:04:33.463 | outputReport() called
2026-04-22 12:04:33.575 | outputReport() called
2026-04-22 12:04:33.685 | outputReport() called
2026-04-22 12:04:33.797 | outputReport() called
2026-04-22 12:04:33.907 | outputReport() called
2026-04-22 12:04:34.018 | outputReport() called
2026-04-22 12:04:34.128 | outputReport() called
2026-04-22 12:04:34.238 | outputReport() called
2026-04-22 12:04:34.350 | outputReport() called
2026-04-22 12:04:34.461 | outputReport() called
2026-04-22 12:04:34.570 | outputReport() called
2026-04-22 12:04:34.680 | outputReport() called
2026-04-22 12:04:34.789 | outputReport() called
2026-04-22 12:04:34.901 | outputReport() called
2026-04-22 12:04:35.012 | outputReport() called
2026-04-22 12:04:35.123 | outputReport() called
2026-04-22 12:04:35.233 | outputReport() called
2026-04-22 12:04:35.342 | outputReport() called
2026-04-22 12:04:35.453 | outputReport() called
2026-04-22 12:04:35.563 | outputReport() called
2026-04-22 12:04:35.672 | outputReport() called
2026-04-22 12:04:58.876 | outputReport() called
2026-04-22 12:04:58.936 | outputReport() called
2026-04-22 12:04:59.441 | outputReport() called
2026-04-22 12:04:59.493 | outputReport() called
2026-04-22 12:04:59.539 | outputReport() called
2026-04-22 12:04:59.615 | outputReport() called
2026-04-22 12:04:59.630 | outputReport() called
2026-04-22 12:04:59.678 | outputReport() called
2026-04-22 12:04:59.695 | outputReport() called
2026-04-22 12:04:59.809 | outputReport() called
2026-04-22 12:04:59.859 | outputReport() called
2026-04-22 12:04:59.973 | outputReport() called
2026-04-22 12:05:00.020 | outputReport() called
2026-04-22 12:05:00.038 | outputReport() called
2026-04-22 12:05:00.056 | outputReport() called
2026-04-22 12:05:00.074 | outputReport() called
2026-04-22 12:05:00.092 | outputReport() called
2026-04-22 12:05:00.172 | outputReport() called
2026-04-22 12:05:00.222 | outputReport() called
2026-04-22 12:05:00.505 | outputReport() called
2026-04-22 12:05:00.618 | outputReport() called
2026-04-22 12:05:00.667 | outputReport() called
2026-04-22 12:05:00.714 | outputReport() called
2026-04-22 12:05:00.732 | outputReport() called
2026-04-22 12:05:00.749 | outputReport() called
2026-04-22 12:05:00.798 | outputReport() called
2026-04-22 12:05:00.848 | outputReport() called
2026-04-22 12:05:00.898 | outputReport() called
2026-04-22 12:05:00.949 | outputReport() called
2026-04-22 12:05:00.966 | outputReport() called
2026-04-22 12:05:01.015 | outputReport() called
2026-04-22 12:05:01.063 | outputReport() called
2026-04-22 12:05:01.145 | outputReport() called
2026-04-22 12:05:01.223 | outputReport() called
2026-04-22 12:05:01.271 | outputReport() called
2026-04-22 12:05:01.320 | outputReport() called
2026-04-22 12:05:01.370 | outputReport() called
2026-04-22 12:05:01.452 | outputReport() called
2026-04-22 12:05:01.499 | outputReport() called
2026-04-22 12:05:01.645 | outputReport() called
2026-04-22 12:05:01.759 | outputReport() called
2026-04-22 12:05:01.840 | outputReport() called
2026-04-22 12:05:01.858 | outputReport() called
2026-04-22 12:05:01.939 | outputReport() called
2026-04-22 12:05:01.961 | outputReport() called
2026-04-22 12:05:02.009 | outputReport() called
2026-04-22 12:05:02.122 | outputReport() called
2026-04-22 12:05:02.171 | outputReport() called
2026-04-22 12:05:02.188 | outputReport() called
2026-04-22 12:05:02.268 | outputReport() called
2026-04-22 12:05:02.348 | outputReport() called
2026-04-22 12:05:02.367 | outputReport() called
2026-04-22 12:05:02.478 | outputReport() called
2026-04-22 12:05:02.592 | outputReport() called
2026-04-22 12:05:02.673 | outputReport() called
2026-04-22 12:05:02.786 | outputReport() called
2026-04-22 12:05:02.836 | outputReport() called
2026-04-22 12:05:02.915 | outputReport() called
2026-04-22 12:05:02.964 | outputReport() called
2026-04-22 12:05:03.045 | outputReport() called
2026-04-22 12:05:03.095 | outputReport() called
2026-04-22 12:05:03.208 | outputReport() called
2026-04-22 12:05:03.258 | outputReport() called
2026-04-22 12:05:03.308 | outputReport() called
2026-04-22 12:05:03.358 | outputReport() called
2026-04-22 12:05:03.438 | outputReport() called
2026-04-22 12:05:03.488 | outputReport() called
2026-04-22 12:32:55.559 | ConnectToPortalToolStripMenuItem_Click() fired
2026-04-22 12:32:55.567 | FindThePortal() started
2026-04-22 12:32:55.570 | FindDeviceFromGuid() started
2026-04-22 12:32:55.574 | HID ENUM: \\?\hid#vid_048d&pid_c101&col05#7&5a8d188&0&0004#{4d1e55b2-f16f-11cf-88cb-001111000030}
2026-04-22 12:32:55.575 | HID ENUM: \\?\hid#vid_048d&pid_c965&mi_01#8&419689c&0&0000#{4d1e55b2-f16f-11cf-88cb-001111000030}
2026-04-22 12:32:55.575 | HID ENUM: \\?\hid#vid_048d&pid_c965&mi_00&col01#8&27f0a65e&0&0000#{4d1e55b2-f16f-11cf-88cb-001111000030}
2026-04-22 12:32:55.576 | HID ENUM: \\?\hid#vid_048d&pid_c965&mi_00&col02#8&27f0a65e&0&0001#{4d1e55b2-f16f-11cf-88cb-001111000030}
2026-04-22 12:32:55.576 | HID ENUM: \\?\hid#vid_048d&pid_c965&mi_00&col03#8&27f0a65e&0&0002#{4d1e55b2-f16f-11cf-88cb-001111000030}
2026-04-22 12:32:55.577 | HID ENUM: \\?\hid#vid_048d&pid_c101&col01#7&5a8d188&0&0000#{4d1e55b2-f16f-11cf-88cb-001111000030}
2026-04-22 12:32:55.577 | HID ENUM: \\?\hid#vid_048d&pid_c965&mi_00&col05#8&27f0a65e&0&0004#{4d1e55b2-f16f-11cf-88cb-001111000030}
2026-04-22 12:32:55.578 | HID ENUM: \\?\hid#vid_413c&pid_301a#8&1167722d&1&0000#{4d1e55b2-f16f-11cf-88cb-001111000030}
2026-04-22 12:32:55.578 | HID ENUM: \\?\hid#vid_048d&pid_c101&col02#7&5a8d188&0&0001#{4d1e55b2-f16f-11cf-88cb-001111000030}\kbd
2026-04-22 12:32:55.579 | HID ENUM: \\?\hid#vid_048d&pid_c101&col03#7&5a8d188&0&0002#{4d1e55b2-f16f-11cf-88cb-001111000030}
2026-04-22 12:32:55.579 | HID ENUM: \\?\hid#syna2ba6&col01#4&1dc0a8b0&0&0000#{4d1e55b2-f16f-11cf-88cb-001111000030}
2026-04-22 12:32:55.579 | HID ENUM: \\?\hid#vid_048d&pid_c965&mi_00&col04#8&27f0a65e&0&0003#{4d1e55b2-f16f-11cf-88cb-001111000030}\kbd
2026-04-22 12:32:55.580 | HID ENUM: \\?\hid#syna2ba6&col02#4&1dc0a8b0&0&0001#{4d1e55b2-f16f-11cf-88cb-001111000030}
2026-04-22 12:32:55.580 | HID ENUM: \\?\hid#syna2ba6&col03#4&1dc0a8b0&0&0002#{4d1e55b2-f16f-11cf-88cb-001111000030}
2026-04-22 12:32:55.580 | HID ENUM: \\?\hid#syna2ba6&col04#4&1dc0a8b0&0&0003#{4d1e55b2-f16f-11cf-88cb-001111000030}
2026-04-22 12:32:55.581 | HID ENUM: \\?\hid#vid_048d&pid_c101&col04#7&5a8d188&0&0003#{4d1e55b2-f16f-11cf-88cb-001111000030}
2026-04-22 12:32:55.581 | HID ENUM: \\?\hid#vid_1430&pid_0150#7&1208f419&3&0000#{4d1e55b2-f16f-11cf-88cb-001111000030}
2026-04-22 12:32:55.582 | SetupDiEnumDeviceInterfaces finished at memberIndex=17
2026-04-22 12:32:55.582 | FindDeviceFromGuid() returning True
2026-04-22 12:32:55.585 | Candidate HID Path: \\?\HID#VID_048D&PID_C101&COL05#7&5A8D188&0&0004#{4D1E55B2-F16F-11CF-88CB-001111000030}
2026-04-22 12:32:55.585 | Rejected HID path because it is not VID_1430/PID_0150
2026-04-22 12:32:55.586 | Candidate HID Path: \\?\HID#VID_048D&PID_C965&MI_01#8&419689C&0&0000#{4D1E55B2-F16F-11CF-88CB-001111000030}
2026-04-22 12:32:55.586 | Rejected HID path because it is not VID_1430/PID_0150
2026-04-22 12:32:55.587 | Candidate HID Path: \\?\HID#VID_048D&PID_C965&MI_00&COL01#8&27F0A65E&0&0000#{4D1E55B2-F16F-11CF-88CB-001111000030}
2026-04-22 12:32:55.587 | Rejected HID path because it is not VID_1430/PID_0150
2026-04-22 12:32:55.588 | Candidate HID Path: \\?\HID#VID_048D&PID_C965&MI_00&COL02#8&27F0A65E&0&0001#{4D1E55B2-F16F-11CF-88CB-001111000030}
2026-04-22 12:32:55.588 | Rejected HID path because it is not VID_1430/PID_0150
2026-04-22 12:32:55.589 | Candidate HID Path: \\?\HID#VID_048D&PID_C965&MI_00&COL03#8&27F0A65E&0&0002#{4D1E55B2-F16F-11CF-88CB-001111000030}
2026-04-22 12:32:55.589 | Rejected HID path because it is not VID_1430/PID_0150
2026-04-22 12:32:55.590 | Candidate HID Path: \\?\HID#VID_048D&PID_C101&COL01#7&5A8D188&0&0000#{4D1E55B2-F16F-11CF-88CB-001111000030}
2026-04-22 12:32:55.590 | Rejected HID path because it is not VID_1430/PID_0150
2026-04-22 12:32:55.590 | Candidate HID Path: \\?\HID#VID_048D&PID_C965&MI_00&COL05#8&27F0A65E&0&0004#{4D1E55B2-F16F-11CF-88CB-001111000030}
2026-04-22 12:32:55.591 | Rejected HID path because it is not VID_1430/PID_0150
2026-04-22 12:32:55.591 | Candidate HID Path: \\?\HID#VID_413C&PID_301A#8&1167722D&1&0000#{4D1E55B2-F16F-11CF-88CB-001111000030}
2026-04-22 12:32:55.592 | Rejected HID path because it is not VID_1430/PID_0150
2026-04-22 12:32:55.592 | Candidate HID Path: \\?\HID#VID_048D&PID_C101&COL02#7&5A8D188&0&0001#{4D1E55B2-F16F-11CF-88CB-001111000030}\KBD
2026-04-22 12:32:55.593 | Rejected HID path because it is not VID_1430/PID_0150
2026-04-22 12:32:55.593 | Candidate HID Path: \\?\HID#VID_048D&PID_C101&COL03#7&5A8D188&0&0002#{4D1E55B2-F16F-11CF-88CB-001111000030}
2026-04-22 12:32:55.594 | Rejected HID path because it is not VID_1430/PID_0150
2026-04-22 12:32:55.594 | Candidate HID Path: \\?\HID#SYNA2BA6&COL01#4&1DC0A8B0&0&0000#{4D1E55B2-F16F-11CF-88CB-001111000030}
2026-04-22 12:32:55.595 | Rejected HID path because it is not VID_1430/PID_0150
2026-04-22 12:32:55.595 | Candidate HID Path: \\?\HID#VID_048D&PID_C965&MI_00&COL04#8&27F0A65E&0&0003#{4D1E55B2-F16F-11CF-88CB-001111000030}\KBD
2026-04-22 12:32:55.596 | Rejected HID path because it is not VID_1430/PID_0150
2026-04-22 12:32:55.596 | Candidate HID Path: \\?\HID#SYNA2BA6&COL02#4&1DC0A8B0&0&0001#{4D1E55B2-F16F-11CF-88CB-001111000030}
2026-04-22 12:32:55.597 | Rejected HID path because it is not VID_1430/PID_0150
2026-04-22 12:32:55.597 | Candidate HID Path: \\?\HID#SYNA2BA6&COL03#4&1DC0A8B0&0&0002#{4D1E55B2-F16F-11CF-88CB-001111000030}
2026-04-22 12:32:55.598 | Rejected HID path because it is not VID_1430/PID_0150
2026-04-22 12:32:55.598 | Candidate HID Path: \\?\HID#SYNA2BA6&COL04#4&1DC0A8B0&0&0003#{4D1E55B2-F16F-11CF-88CB-001111000030}
2026-04-22 12:32:55.599 | Rejected HID path because it is not VID_1430/PID_0150
2026-04-22 12:32:55.599 | Candidate HID Path: \\?\HID#VID_048D&PID_C101&COL04#7&5A8D188&0&0003#{4D1E55B2-F16F-11CF-88CB-001111000030}
2026-04-22 12:32:55.600 | Rejected HID path because it is not VID_1430/PID_0150
2026-04-22 12:32:55.600 | Candidate HID Path: \\?\HID#VID_1430&PID_0150#7&1208F419&3&0000#{4D1E55B2-F16F-11CF-88CB-001111000030}
2026-04-22 12:32:55.601 | CreateFile (query handle) succeeded
2026-04-22 12:32:55.602 | Attributes VID=5168 PID=336
2026-04-22 12:32:55.602 | Portal candidate accepted: \\?\hid#vid_1430&pid_0150#7&1208f419&3&0000#{4d1e55b2-f16f-11cf-88cb-001111000030}
2026-04-22 12:32:55.605 | Re-opening portal with read/write access: \\?\hid#vid_1430&pid_0150#7&1208f419&3&0000#{4d1e55b2-f16f-11cf-88cb-001111000030}
2026-04-22 12:32:55.605 | CreateFile (read/write handle) succeeded
2026-04-22 12:32:55.606 | Portal connected successfully
2026-04-22 12:33:09.313 | outputReport() called
2026-04-22 12:33:09.368 | outputReport() called
2026-04-22 12:33:09.886 | outputReport() called
2026-04-22 12:33:10.065 | outputReport() called
2026-04-22 12:33:10.112 | outputReport() called
2026-04-22 12:33:10.159 | outputReport() called
2026-04-22 12:33:10.238 | outputReport() called
2026-04-22 12:33:10.288 | outputReport() called
2026-04-22 12:33:10.368 | outputReport() called
2026-04-22 12:33:10.450 | outputReport() called
2026-04-22 12:33:10.595 | outputReport() called
2026-04-22 12:33:10.612 | outputReport() called
2026-04-22 12:33:10.661 | outputReport() called
2026-04-22 12:33:10.710 | outputReport() called
2026-04-22 12:33:10.760 | outputReport() called
2026-04-22 12:33:10.777 | outputReport() called
2026-04-22 12:33:10.859 | outputReport() called
2026-04-22 12:33:10.876 | outputReport() called
2026-04-22 12:33:10.893 | outputReport() called
2026-04-22 12:33:10.973 | outputReport() called
2026-04-22 12:33:10.990 | outputReport() called
2026-04-22 12:33:11.037 | outputReport() called
2026-04-22 12:33:11.216 | outputReport() called
2026-04-22 12:33:11.264 | outputReport() called
2026-04-22 12:33:11.312 | outputReport() called
2026-04-22 12:33:11.329 | outputReport() called
2026-04-22 12:33:11.378 | outputReport() called
2026-04-22 12:33:11.427 | outputReport() called
2026-04-22 12:33:11.445 | outputReport() called
2026-04-22 12:33:11.590 | outputReport() called
2026-04-22 12:33:11.669 | outputReport() called
2026-04-22 12:33:11.717 | outputReport() called
2026-04-22 12:33:11.797 | outputReport() called
2026-04-22 12:33:11.846 | outputReport() called
2026-04-22 12:33:11.927 | outputReport() called
2026-04-22 12:33:12.007 | outputReport() called
2026-04-22 12:33:12.057 | outputReport() called
2026-04-22 12:33:12.140 | outputReport() called
2026-04-22 12:33:12.189 | outputReport() called
2026-04-22 12:33:12.207 | outputReport() called
2026-04-22 12:33:12.256 | outputReport() called
2026-04-22 12:33:12.368 | outputReport() called
2026-04-22 12:33:12.447 | outputReport() called
2026-04-22 12:33:12.529 | outputReport() called
2026-04-22 12:33:12.546 | outputReport() called
2026-04-22 12:33:12.594 | outputReport() called
2026-04-22 12:33:12.644 | outputReport() called
2026-04-22 12:33:12.694 | outputReport() called
2026-04-22 12:33:12.742 | outputReport() called
2026-04-22 12:33:12.824 | outputReport() called
2026-04-22 12:33:12.905 | outputReport() called
2026-04-22 12:33:12.922 | outputReport() called
2026-04-22 12:33:13.002 | outputReport() called
2026-04-22 12:33:13.083 | outputReport() called
2026-04-22 12:33:13.165 | outputReport() called
2026-04-22 12:33:13.182 | outputReport() called
2026-04-22 12:33:13.230 | outputReport() called
2026-04-22 12:33:13.309 | outputReport() called
2026-04-22 12:33:13.391 | outputReport() called
2026-04-22 12:33:13.440 | outputReport() called
2026-04-22 12:33:13.490 | outputReport() called
2026-04-22 12:33:13.540 | outputReport() called
2026-04-22 12:33:13.621 | outputReport() called
2026-04-22 12:33:13.638 | outputReport() called
2026-04-22 12:33:13.719 | outputReport() called
2026-04-22 12:33:13.769 | outputReport() called
2026-04-22 12:33:33.154 | outputReport() called
2026-04-22 12:33:33.222 | outputReport() called
2026-04-22 12:33:33.739 | outputReport() called
2026-04-22 12:33:33.850 | outputReport() called
2026-04-22 12:33:33.960 | outputReport() called
2026-04-22 12:33:34.071 | outputReport() called
2026-04-22 12:33:34.181 | outputReport() called
2026-04-22 12:33:34.290 | outputReport() called
2026-04-22 12:33:34.400 | outputReport() called
2026-04-22 12:33:34.510 | outputReport() called
2026-04-22 12:33:34.619 | outputReport() called
2026-04-22 12:33:34.727 | outputReport() called
2026-04-22 12:33:34.836 | outputReport() called
2026-04-22 12:33:34.945 | outputReport() called
2026-04-22 12:33:35.055 | outputReport() called
2026-04-22 12:33:35.165 | outputReport() called
2026-04-22 12:33:35.276 | outputReport() called
2026-04-22 12:33:35.383 | outputReport() called
2026-04-22 12:33:35.494 | outputReport() called
2026-04-22 12:33:35.605 | outputReport() called
2026-04-22 12:33:35.715 | outputReport() called
2026-04-22 12:33:35.825 | outputReport() called
2026-04-22 12:33:35.935 | outputReport() called
2026-04-22 12:33:36.044 | outputReport() called
2026-04-22 12:33:36.154 | outputReport() called
2026-04-22 12:33:36.265 | outputReport() called
2026-04-22 12:33:36.373 | outputReport() called
2026-04-22 12:33:36.482 | outputReport() called
2026-04-22 12:33:36.592 | outputReport() called
2026-04-22 12:33:36.701 | outputReport() called
2026-04-22 12:33:36.811 | outputReport() called
2026-04-22 12:33:36.920 | outputReport() called
2026-04-22 12:33:37.029 | outputReport() called
2026-04-22 12:33:37.138 | outputReport() called
2026-04-22 12:33:37.249 | outputReport() called
2026-04-22 12:33:37.358 | outputReport() called
2026-04-22 12:33:37.469 | outputReport() called
2026-04-22 12:33:37.580 | outputReport() called
2026-04-22 12:33:37.690 | outputReport() called
2026-04-22 12:33:37.800 | outputReport() called
2026-04-22 12:33:37.911 | outputReport() called
2026-04-22 12:33:38.020 | outputReport() called
2026-04-22 12:33:38.130 | outputReport() called
2026-04-22 12:33:38.240 | outputReport() called
2026-04-22 12:33:38.350 | outputReport() called
2026-04-22 12:33:38.460 | outputReport() called
2026-04-22 12:33:38.569 | outputReport() called
2026-04-22 12:33:38.681 | outputReport() called
2026-04-22 12:33:38.791 | outputReport() called
2026-04-22 12:33:38.901 | outputReport() called
2026-04-22 12:33:39.011 | outputReport() called
2026-04-22 12:33:39.123 | outputReport() called
2026-04-22 12:33:39.233 | outputReport() called
2026-04-22 12:33:39.343 | outputReport() called
2026-04-22 12:33:39.454 | outputReport() called
2026-04-22 12:33:39.562 | outputReport() called
2026-04-22 12:33:39.671 | outputReport() called
2026-04-22 12:33:39.781 | outputReport() called
2026-04-22 12:33:39.891 | outputReport() called
2026-04-22 12:33:40.001 | outputReport() called
2026-04-22 12:33:40.110 | outputReport() called
2026-04-22 12:33:53.631 | outputReport() called
2026-04-22 12:33:53.690 | outputReport() called
2026-04-22 12:33:54.207 | outputReport() called
2026-04-22 12:34:39.354 | ConnectToPortalToolStripMenuItem_Click() fired
2026-04-22 12:34:39.362 | FindThePortal() started
2026-04-22 12:34:39.364 | FindDeviceFromGuid() started
2026-04-22 12:34:39.369 | HID ENUM: \\?\hid#vid_048d&pid_c101&col05#7&5a8d188&0&0004#{4d1e55b2-f16f-11cf-88cb-001111000030}
2026-04-22 12:34:39.370 | HID ENUM: \\?\hid#vid_048d&pid_c965&mi_01#8&419689c&0&0000#{4d1e55b2-f16f-11cf-88cb-001111000030}
2026-04-22 12:34:39.370 | HID ENUM: \\?\hid#vid_048d&pid_c965&mi_00&col01#8&27f0a65e&0&0000#{4d1e55b2-f16f-11cf-88cb-001111000030}
2026-04-22 12:34:39.371 | HID ENUM: \\?\hid#vid_048d&pid_c965&mi_00&col02#8&27f0a65e&0&0001#{4d1e55b2-f16f-11cf-88cb-001111000030}
2026-04-22 12:34:39.371 | HID ENUM: \\?\hid#vid_048d&pid_c965&mi_00&col03#8&27f0a65e&0&0002#{4d1e55b2-f16f-11cf-88cb-001111000030}
2026-04-22 12:34:39.372 | HID ENUM: \\?\hid#vid_048d&pid_c101&col01#7&5a8d188&0&0000#{4d1e55b2-f16f-11cf-88cb-001111000030}
2026-04-22 12:34:39.372 | HID ENUM: \\?\hid#vid_048d&pid_c965&mi_00&col05#8&27f0a65e&0&0004#{4d1e55b2-f16f-11cf-88cb-001111000030}
2026-04-22 12:34:39.373 | HID ENUM: \\?\hid#vid_413c&pid_301a#8&1167722d&1&0000#{4d1e55b2-f16f-11cf-88cb-001111000030}
2026-04-22 12:34:39.373 | HID ENUM: \\?\hid#vid_048d&pid_c101&col02#7&5a8d188&0&0001#{4d1e55b2-f16f-11cf-88cb-001111000030}\kbd
2026-04-22 12:34:39.374 | HID ENUM: \\?\hid#vid_048d&pid_c101&col03#7&5a8d188&0&0002#{4d1e55b2-f16f-11cf-88cb-001111000030}
2026-04-22 12:34:39.374 | HID ENUM: \\?\hid#syna2ba6&col01#4&1dc0a8b0&0&0000#{4d1e55b2-f16f-11cf-88cb-001111000030}
2026-04-22 12:34:39.375 | HID ENUM: \\?\hid#vid_048d&pid_c965&mi_00&col04#8&27f0a65e&0&0003#{4d1e55b2-f16f-11cf-88cb-001111000030}\kbd
2026-04-22 12:34:39.375 | HID ENUM: \\?\hid#syna2ba6&col02#4&1dc0a8b0&0&0001#{4d1e55b2-f16f-11cf-88cb-001111000030}
2026-04-22 12:34:39.376 | HID ENUM: \\?\hid#syna2ba6&col03#4&1dc0a8b0&0&0002#{4d1e55b2-f16f-11cf-88cb-001111000030}
2026-04-22 12:34:39.376 | HID ENUM: \\?\hid#syna2ba6&col04#4&1dc0a8b0&0&0003#{4d1e55b2-f16f-11cf-88cb-001111000030}
2026-04-22 12:34:39.377 | HID ENUM: \\?\hid#vid_048d&pid_c101&col04#7&5a8d188&0&0003#{4d1e55b2-f16f-11cf-88cb-001111000030}
2026-04-22 12:34:39.377 | HID ENUM: \\?\hid#vid_1430&pid_0150#7&1208f419&3&0000#{4d1e55b2-f16f-11cf-88cb-001111000030}
2026-04-22 12:34:39.378 | SetupDiEnumDeviceInterfaces finished at memberIndex=17
2026-04-22 12:34:39.378 | FindDeviceFromGuid() returning True
2026-04-22 12:34:39.381 | Candidate HID Path: \\?\HID#VID_048D&PID_C101&COL05#7&5A8D188&0&0004#{4D1E55B2-F16F-11CF-88CB-001111000030}
2026-04-22 12:34:39.382 | Rejected HID path because it is not VID_1430/PID_0150
2026-04-22 12:34:39.382 | Candidate HID Path: \\?\HID#VID_048D&PID_C965&MI_01#8&419689C&0&0000#{4D1E55B2-F16F-11CF-88CB-001111000030}
2026-04-22 12:34:39.382 | Rejected HID path because it is not VID_1430/PID_0150
2026-04-22 12:34:39.383 | Candidate HID Path: \\?\HID#VID_048D&PID_C965&MI_00&COL01#8&27F0A65E&0&0000#{4D1E55B2-F16F-11CF-88CB-001111000030}
2026-04-22 12:34:39.383 | Rejected HID path because it is not VID_1430/PID_0150
2026-04-22 12:34:39.384 | Candidate HID Path: \\?\HID#VID_048D&PID_C965&MI_00&COL02#8&27F0A65E&0&0001#{4D1E55B2-F16F-11CF-88CB-001111000030}
2026-04-22 12:34:39.384 | Rejected HID path because it is not VID_1430/PID_0150
2026-04-22 12:34:39.385 | Candidate HID Path: \\?\HID#VID_048D&PID_C965&MI_00&COL03#8&27F0A65E&0&0002#{4D1E55B2-F16F-11CF-88CB-001111000030}
2026-04-22 12:34:39.385 | Rejected HID path because it is not VID_1430/PID_0150
2026-04-22 12:34:39.386 | Candidate HID Path: \\?\HID#VID_048D&PID_C101&COL01#7&5A8D188&0&0000#{4D1E55B2-F16F-11CF-88CB-001111000030}
2026-04-22 12:34:39.386 | Rejected HID path because it is not VID_1430/PID_0150
2026-04-22 12:34:39.386 | Candidate HID Path: \\?\HID#VID_048D&PID_C965&MI_00&COL05#8&27F0A65E&0&0004#{4D1E55B2-F16F-11CF-88CB-001111000030}
2026-04-22 12:34:39.387 | Rejected HID path because it is not VID_1430/PID_0150
2026-04-22 12:34:39.387 | Candidate HID Path: \\?\HID#VID_413C&PID_301A#8&1167722D&1&0000#{4D1E55B2-F16F-11CF-88CB-001111000030}
2026-04-22 12:34:39.388 | Rejected HID path because it is not VID_1430/PID_0150
2026-04-22 12:34:39.388 | Candidate HID Path: \\?\HID#VID_048D&PID_C101&COL02#7&5A8D188&0&0001#{4D1E55B2-F16F-11CF-88CB-001111000030}\KBD
2026-04-22 12:34:39.389 | Rejected HID path because it is not VID_1430/PID_0150
2026-04-22 12:34:39.389 | Candidate HID Path: \\?\HID#VID_048D&PID_C101&COL03#7&5A8D188&0&0002#{4D1E55B2-F16F-11CF-88CB-001111000030}
2026-04-22 12:34:39.389 | Rejected HID path because it is not VID_1430/PID_0150
2026-04-22 12:34:39.390 | Candidate HID Path: \\?\HID#SYNA2BA6&COL01#4&1DC0A8B0&0&0000#{4D1E55B2-F16F-11CF-88CB-001111000030}
2026-04-22 12:34:39.390 | Rejected HID path because it is not VID_1430/PID_0150
2026-04-22 12:34:39.392 | Candidate HID Path: \\?\HID#VID_048D&PID_C965&MI_00&COL04#8&27F0A65E&0&0003#{4D1E55B2-F16F-11CF-88CB-001111000030}\KBD
2026-04-22 12:34:39.392 | Rejected HID path because it is not VID_1430/PID_0150
2026-04-22 12:34:39.393 | Candidate HID Path: \\?\HID#SYNA2BA6&COL02#4&1DC0A8B0&0&0001#{4D1E55B2-F16F-11CF-88CB-001111000030}
2026-04-22 12:34:39.393 | Rejected HID path because it is not VID_1430/PID_0150
2026-04-22 12:34:39.393 | Candidate HID Path: \\?\HID#SYNA2BA6&COL03#4&1DC0A8B0&0&0002#{4D1E55B2-F16F-11CF-88CB-001111000030}
2026-04-22 12:34:39.394 | Rejected HID path because it is not VID_1430/PID_0150
2026-04-22 12:34:39.394 | Candidate HID Path: \\?\HID#SYNA2BA6&COL04#4&1DC0A8B0&0&0003#{4D1E55B2-F16F-11CF-88CB-001111000030}
2026-04-22 12:34:39.395 | Rejected HID path because it is not VID_1430/PID_0150
2026-04-22 12:34:39.395 | Candidate HID Path: \\?\HID#VID_048D&PID_C101&COL04#7&5A8D188&0&0003#{4D1E55B2-F16F-11CF-88CB-001111000030}
2026-04-22 12:34:39.396 | Rejected HID path because it is not VID_1430/PID_0150
2026-04-22 12:34:39.396 | Candidate HID Path: \\?\HID#VID_1430&PID_0150#7&1208F419&3&0000#{4D1E55B2-F16F-11CF-88CB-001111000030}
2026-04-22 12:34:39.397 | CreateFile (query handle) succeeded
2026-04-22 12:34:39.398 | Attributes VID=5168 PID=336
2026-04-22 12:34:39.398 | Portal candidate accepted: \\?\hid#vid_1430&pid_0150#7&1208f419&3&0000#{4d1e55b2-f16f-11cf-88cb-001111000030}
2026-04-22 12:34:39.401 | Re-opening portal with read/write access: \\?\hid#vid_1430&pid_0150#7&1208f419&3&0000#{4d1e55b2-f16f-11cf-88cb-001111000030}
2026-04-22 12:34:39.401 | CreateFile (read/write handle) succeeded
2026-04-22 12:34:39.403 | Portal connected successfully
2026-04-22 12:34:42.820 | outputReport() called
2026-04-22 12:34:42.875 | outputReport() called
2026-04-22 12:34:43.389 | outputReport() called
2026-04-22 12:34:43.435 | outputReport() called
2026-04-22 12:34:43.514 | outputReport() called
2026-04-22 12:34:43.624 | outputReport() called
2026-04-22 12:34:43.703 | outputReport() called
2026-04-22 12:34:43.752 | outputReport() called
2026-04-22 12:34:43.769 | outputReport() called
2026-04-22 12:34:43.788 | outputReport() called
2026-04-22 12:34:43.900 | outputReport() called
2026-04-22 12:34:44.012 | outputReport() called
2026-04-22 12:34:44.030 | outputReport() called
2026-04-22 12:34:44.145 | outputReport() called
2026-04-22 12:34:44.226 | outputReport() called
2026-04-22 12:34:44.276 | outputReport() called
2026-04-22 12:34:44.357 | outputReport() called
2026-04-22 12:34:44.407 | outputReport() called
2026-04-22 12:34:44.554 | outputReport() called
2026-04-22 12:34:44.636 | outputReport() called
2026-04-22 12:34:44.685 | outputReport() called
2026-04-22 12:34:44.767 | outputReport() called
2026-04-22 12:34:44.784 | outputReport() called
2026-04-22 12:34:44.896 | outputReport() called
2026-04-22 12:34:44.976 | outputReport() called
2026-04-22 12:34:45.026 | outputReport() called
2026-04-22 12:34:45.042 | outputReport() called
2026-04-22 12:34:45.156 | outputReport() called
2026-04-22 12:34:45.206 | outputReport() called
2026-04-22 12:34:45.257 | outputReport() called
2026-04-22 12:34:45.307 | outputReport() called
2026-04-22 12:34:45.356 | outputReport() called
2026-04-22 12:34:45.438 | outputReport() called
2026-04-22 12:34:45.486 | outputReport() called
2026-04-22 12:34:45.535 | outputReport() called
2026-04-22 12:34:45.582 | outputReport() called
2026-04-22 12:34:45.664 | outputReport() called
2026-04-22 12:34:45.745 | outputReport() called
2026-04-22 12:34:45.793 | outputReport() called
2026-04-22 12:34:45.842 | outputReport() called
2026-04-22 12:34:45.890 | outputReport() called
2026-04-22 12:34:45.939 | outputReport() called
2026-04-22 12:34:45.989 | outputReport() called
2026-04-22 12:34:46.137 | outputReport() called
2026-04-22 12:34:46.186 | outputReport() called
2026-04-22 12:34:46.300 | outputReport() called
2026-04-22 12:34:46.318 | outputReport() called
2026-04-22 12:34:46.433 | outputReport() called
2026-04-22 12:34:46.483 | outputReport() called
2026-04-22 12:34:46.501 | outputReport() called
2026-04-22 12:34:46.580 | outputReport() called
2026-04-22 12:34:46.629 | outputReport() called
2026-04-22 12:34:46.679 | outputReport() called
2026-04-22 12:34:46.727 | outputReport() called
2026-04-22 12:34:46.776 | outputReport() called
2026-04-22 12:34:46.859 | outputReport() called
2026-04-22 12:34:46.877 | outputReport() called
2026-04-22 12:34:46.925 | outputReport() called
2026-04-22 12:34:47.004 | outputReport() called
2026-04-22 12:34:47.023 | outputReport() called
2026-04-22 12:34:47.070 | outputReport() called
2026-04-22 12:34:47.120 | outputReport() called
2026-04-22 12:34:47.200 | outputReport() called
2026-04-22 12:34:47.283 | outputReport() called
2026-04-22 12:34:47.300 | outputReport() called
2026-04-22 12:34:47.447 | outputReport() called
2026-04-22 12:35:09.394 | outputReport() called
2026-04-22 12:35:09.461 | outputReport() called
2026-04-22 12:35:09.977 | outputReport() called
2026-04-22 12:35:10.048 | outputReport() called
2026-04-22 12:35:10.064 | outputReport() called
2026-04-22 12:35:10.078 | outputReport() called
2026-04-22 12:35:10.157 | outputReport() called
2026-04-22 12:35:10.206 | outputReport() called
2026-04-22 12:35:10.257 | outputReport() called
2026-04-22 12:35:10.340 | outputReport() called
2026-04-22 12:35:10.357 | outputReport() called
2026-04-22 12:35:10.437 | outputReport() called
2026-04-22 12:35:10.518 | outputReport() called
2026-04-22 12:35:10.568 | outputReport() called
2026-04-22 12:35:10.650 | outputReport() called
2026-04-22 12:35:10.698 | outputReport() called
2026-04-22 12:35:10.748 | outputReport() called
2026-04-22 12:35:10.798 | outputReport() called
2026-04-22 12:35:10.911 | outputReport() called
2026-04-22 12:35:10.927 | outputReport() called
2026-04-22 12:35:11.009 | outputReport() called
2026-04-22 12:35:11.091 | outputReport() called
2026-04-22 12:35:11.171 | outputReport() called
2026-04-22 12:35:11.219 | outputReport() called
2026-04-22 12:35:11.269 | outputReport() called
2026-04-22 12:35:11.412 | outputReport() called
2026-04-22 12:35:11.462 | outputReport() called
2026-04-22 12:35:11.574 | outputReport() called
2026-04-22 12:35:11.624 | outputReport() called
2026-04-22 12:35:11.642 | outputReport() called
2026-04-22 12:35:11.722 | outputReport() called
2026-04-22 12:35:11.771 | outputReport() called
2026-04-22 12:35:11.852 | outputReport() called
2026-04-22 12:35:11.935 | outputReport() called
2026-04-22 12:35:11.983 | outputReport() called
2026-04-22 12:35:12.065 | outputReport() called
2026-04-22 12:35:12.115 | outputReport() called
2026-04-22 12:35:12.164 | outputReport() called
2026-04-22 12:35:12.247 | outputReport() called
2026-04-22 12:35:12.328 | outputReport() called
2026-04-22 12:35:12.378 | outputReport() called
2026-04-22 12:35:12.459 | outputReport() called
2026-04-22 12:35:12.571 | outputReport() called
2026-04-22 12:35:12.684 | outputReport() called
2026-04-22 12:35:12.701 | outputReport() called
2026-04-22 12:35:12.814 | outputReport() called
2026-04-22 12:35:12.864 | outputReport() called
2026-04-22 12:35:12.882 | outputReport() called
2026-04-22 12:35:12.932 | outputReport() called
2026-04-22 12:35:12.982 | outputReport() called
2026-04-22 12:35:13.096 | outputReport() called
2026-04-22 12:35:13.177 | outputReport() called
2026-04-22 12:35:13.227 | outputReport() called
2026-04-22 12:35:13.308 | outputReport() called
2026-04-22 12:35:13.389 | outputReport() called
2026-04-22 12:35:13.472 | outputReport() called
2026-04-22 12:35:13.554 | outputReport() called
2026-04-22 12:35:13.572 | outputReport() called
2026-04-22 12:35:13.589 | outputReport() called
2026-04-22 12:35:13.638 | outputReport() called
2026-04-22 12:35:13.720 | outputReport() called
2026-04-22 12:35:13.801 | outputReport() called
2026-04-22 12:35:13.882 | outputReport() called
2026-04-22 12:35:13.932 | outputReport() called
2026-04-22 12:35:14.045 | outputReport() called
2026-04-22 12:35:14.094 | outputReport() called
2026-04-22 12:41:10.514 | ConnectToPortalToolStripMenuItem_Click() fired
2026-04-22 12:41:10.523 | FindThePortal() started
2026-04-22 12:41:10.526 | FindDeviceFromGuid() started
2026-04-22 12:41:10.531 | HID ENUM: \\?\hid#vid_048d&pid_c101&col05#7&5a8d188&0&0004#{4d1e55b2-f16f-11cf-88cb-001111000030}
2026-04-22 12:41:10.532 | HID ENUM: \\?\hid#vid_048d&pid_c965&mi_01#8&419689c&0&0000#{4d1e55b2-f16f-11cf-88cb-001111000030}
2026-04-22 12:41:10.532 | HID ENUM: \\?\hid#vid_048d&pid_c965&mi_00&col01#8&27f0a65e&0&0000#{4d1e55b2-f16f-11cf-88cb-001111000030}
2026-04-22 12:41:10.533 | HID ENUM: \\?\hid#vid_048d&pid_c965&mi_00&col02#8&27f0a65e&0&0001#{4d1e55b2-f16f-11cf-88cb-001111000030}
2026-04-22 12:41:10.533 | HID ENUM: \\?\hid#vid_048d&pid_c965&mi_00&col03#8&27f0a65e&0&0002#{4d1e55b2-f16f-11cf-88cb-001111000030}
2026-04-22 12:41:10.534 | HID ENUM: \\?\hid#vid_048d&pid_c101&col01#7&5a8d188&0&0000#{4d1e55b2-f16f-11cf-88cb-001111000030}
2026-04-22 12:41:10.534 | HID ENUM: \\?\hid#vid_048d&pid_c965&mi_00&col05#8&27f0a65e&0&0004#{4d1e55b2-f16f-11cf-88cb-001111000030}
2026-04-22 12:41:10.535 | HID ENUM: \\?\hid#vid_413c&pid_301a#8&1167722d&1&0000#{4d1e55b2-f16f-11cf-88cb-001111000030}
2026-04-22 12:41:10.535 | HID ENUM: \\?\hid#vid_048d&pid_c101&col02#7&5a8d188&0&0001#{4d1e55b2-f16f-11cf-88cb-001111000030}\kbd
2026-04-22 12:41:10.535 | HID ENUM: \\?\hid#vid_048d&pid_c101&col03#7&5a8d188&0&0002#{4d1e55b2-f16f-11cf-88cb-001111000030}
2026-04-22 12:41:10.536 | HID ENUM: \\?\hid#syna2ba6&col01#4&1dc0a8b0&0&0000#{4d1e55b2-f16f-11cf-88cb-001111000030}
2026-04-22 12:41:10.536 | HID ENUM: \\?\hid#vid_048d&pid_c965&mi_00&col04#8&27f0a65e&0&0003#{4d1e55b2-f16f-11cf-88cb-001111000030}\kbd
2026-04-22 12:41:10.536 | HID ENUM: \\?\hid#syna2ba6&col02#4&1dc0a8b0&0&0001#{4d1e55b2-f16f-11cf-88cb-001111000030}
2026-04-22 12:41:10.536 | HID ENUM: \\?\hid#syna2ba6&col03#4&1dc0a8b0&0&0002#{4d1e55b2-f16f-11cf-88cb-001111000030}
2026-04-22 12:41:10.537 | HID ENUM: \\?\hid#syna2ba6&col04#4&1dc0a8b0&0&0003#{4d1e55b2-f16f-11cf-88cb-001111000030}
2026-04-22 12:41:10.538 | HID ENUM: \\?\hid#vid_048d&pid_c101&col04#7&5a8d188&0&0003#{4d1e55b2-f16f-11cf-88cb-001111000030}
2026-04-22 12:41:10.539 | HID ENUM: \\?\hid#vid_1430&pid_0150#7&1208f419&3&0000#{4d1e55b2-f16f-11cf-88cb-001111000030}
2026-04-22 12:41:10.539 | SetupDiEnumDeviceInterfaces finished at memberIndex=17
2026-04-22 12:41:10.540 | FindDeviceFromGuid() returning True
2026-04-22 12:41:10.543 | Candidate HID Path: \\?\HID#VID_048D&PID_C101&COL05#7&5A8D188&0&0004#{4D1E55B2-F16F-11CF-88CB-001111000030}
2026-04-22 12:41:10.543 | Rejected HID path because it is not VID_1430/PID_0150
2026-04-22 12:41:10.544 | Candidate HID Path: \\?\HID#VID_048D&PID_C965&MI_01#8&419689C&0&0000#{4D1E55B2-F16F-11CF-88CB-001111000030}
2026-04-22 12:41:10.544 | Rejected HID path because it is not VID_1430/PID_0150
2026-04-22 12:41:10.544 | Candidate HID Path: \\?\HID#VID_048D&PID_C965&MI_00&COL01#8&27F0A65E&0&0000#{4D1E55B2-F16F-11CF-88CB-001111000030}
2026-04-22 12:41:10.544 | Rejected HID path because it is not VID_1430/PID_0150
2026-04-22 12:41:10.545 | Candidate HID Path: \\?\HID#VID_048D&PID_C965&MI_00&COL02#8&27F0A65E&0&0001#{4D1E55B2-F16F-11CF-88CB-001111000030}
2026-04-22 12:41:10.545 | Rejected HID path because it is not VID_1430/PID_0150
2026-04-22 12:41:10.546 | Candidate HID Path: \\?\HID#VID_048D&PID_C965&MI_00&COL03#8&27F0A65E&0&0002#{4D1E55B2-F16F-11CF-88CB-001111000030}
2026-04-22 12:41:10.546 | Rejected HID path because it is not VID_1430/PID_0150
2026-04-22 12:41:10.547 | Candidate HID Path: \\?\HID#VID_048D&PID_C101&COL01#7&5A8D188&0&0000#{4D1E55B2-F16F-11CF-88CB-001111000030}
2026-04-22 12:41:10.547 | Rejected HID path because it is not VID_1430/PID_0150
2026-04-22 12:41:10.548 | Candidate HID Path: \\?\HID#VID_048D&PID_C965&MI_00&COL05#8&27F0A65E&0&0004#{4D1E55B2-F16F-11CF-88CB-001111000030}
2026-04-22 12:41:10.548 | Rejected HID path because it is not VID_1430/PID_0150
2026-04-22 12:41:10.548 | Candidate HID Path: \\?\HID#VID_413C&PID_301A#8&1167722D&1&0000#{4D1E55B2-F16F-11CF-88CB-001111000030}
2026-04-22 12:41:10.549 | Rejected HID path because it is not VID_1430/PID_0150
2026-04-22 12:41:10.549 | Candidate HID Path: \\?\HID#VID_048D&PID_C101&COL02#7&5A8D188&0&0001#{4D1E55B2-F16F-11CF-88CB-001111000030}\KBD
2026-04-22 12:41:10.550 | Rejected HID path because it is not VID_1430/PID_0150
2026-04-22 12:41:10.550 | Candidate HID Path: \\?\HID#VID_048D&PID_C101&COL03#7&5A8D188&0&0002#{4D1E55B2-F16F-11CF-88CB-001111000030}
2026-04-22 12:41:10.551 | Rejected HID path because it is not VID_1430/PID_0150
2026-04-22 12:41:10.551 | Candidate HID Path: \\?\HID#SYNA2BA6&COL01#4&1DC0A8B0&0&0000#{4D1E55B2-F16F-11CF-88CB-001111000030}
2026-04-22 12:41:10.552 | Rejected HID path because it is not VID_1430/PID_0150
2026-04-22 12:41:10.552 | Candidate HID Path: \\?\HID#VID_048D&PID_C965&MI_00&COL04#8&27F0A65E&0&0003#{4D1E55B2-F16F-11CF-88CB-001111000030}\KBD
2026-04-22 12:41:10.553 | Rejected HID path because it is not VID_1430/PID_0150
2026-04-22 12:41:10.553 | Candidate HID Path: \\?\HID#SYNA2BA6&COL02#4&1DC0A8B0&0&0001#{4D1E55B2-F16F-11CF-88CB-001111000030}
2026-04-22 12:41:10.554 | Rejected HID path because it is not VID_1430/PID_0150
2026-04-22 12:41:10.554 | Candidate HID Path: \\?\HID#SYNA2BA6&COL03#4&1DC0A8B0&0&0002#{4D1E55B2-F16F-11CF-88CB-001111000030}
2026-04-22 12:41:10.555 | Rejected HID path because it is not VID_1430/PID_0150
2026-04-22 12:41:10.555 | Candidate HID Path: \\?\HID#SYNA2BA6&COL04#4&1DC0A8B0&0&0003#{4D1E55B2-F16F-11CF-88CB-001111000030}
2026-04-22 12:41:10.555 | Rejected HID path because it is not VID_1430/PID_0150
2026-04-22 12:41:10.557 | Candidate HID Path: \\?\HID#VID_048D&PID_C101&COL04#7&5A8D188&0&0003#{4D1E55B2-F16F-11CF-88CB-001111000030}
2026-04-22 12:41:10.557 | Rejected HID path because it is not VID_1430/PID_0150
2026-04-22 12:41:10.558 | Candidate HID Path: \\?\HID#VID_1430&PID_0150#7&1208F419&3&0000#{4D1E55B2-F16F-11CF-88CB-001111000030}
2026-04-22 12:41:10.559 | CreateFile (query handle) succeeded
2026-04-22 12:41:10.560 | Attributes VID=5168 PID=336
2026-04-22 12:41:10.560 | Portal candidate accepted: \\?\hid#vid_1430&pid_0150#7&1208f419&3&0000#{4d1e55b2-f16f-11cf-88cb-001111000030}
2026-04-22 12:41:10.562 | Re-opening portal with read/write access: \\?\hid#vid_1430&pid_0150#7&1208f419&3&0000#{4d1e55b2-f16f-11cf-88cb-001111000030}
2026-04-22 12:41:10.563 | CreateFile (read/write handle) succeeded
2026-04-22 12:41:10.564 | Portal connected successfully
2026-04-22 12:41:20.211 | outputReport() called
2026-04-22 12:41:20.265 | outputReport() called
2026-04-22 12:41:20.782 | outputReport() called
2026-04-22 12:41:20.890 | outputReport() called
2026-04-22 12:41:20.933 | outputReport() called
2026-04-22 12:41:21.012 | outputReport() called
2026-04-22 12:41:21.122 | outputReport() called
2026-04-22 12:41:21.134 | outputReport() called
2026-04-22 12:41:21.214 | outputReport() called
2026-04-22 12:41:21.293 | outputReport() called
2026-04-22 12:41:21.338 | outputReport() called
2026-04-22 12:41:21.388 | outputReport() called
2026-04-22 12:41:21.469 | outputReport() called
2026-04-22 12:41:21.514 | outputReport() called
2026-04-22 12:41:21.560 | outputReport() called
2026-04-22 12:41:21.637 | outputReport() called
2026-04-22 12:41:21.747 | outputReport() called
2026-04-22 12:41:21.826 | outputReport() called
2026-04-22 12:41:21.905 | outputReport() called
2026-04-22 12:41:21.950 | outputReport() called
2026-04-22 12:41:22.031 | outputReport() called
2026-04-22 12:41:22.113 | outputReport() called
2026-04-22 12:41:22.157 | outputReport() called
2026-04-22 12:41:22.202 | outputReport() called
2026-04-22 12:41:22.218 | outputReport() called
2026-04-22 12:41:22.300 | outputReport() called
2026-04-22 12:41:22.377 | outputReport() called
2026-04-22 12:41:22.456 | outputReport() called
2026-04-22 12:41:22.538 | outputReport() called
2026-04-22 12:41:22.587 | outputReport() called
2026-04-22 12:41:22.663 | outputReport() called
2026-04-22 12:41:22.744 | outputReport() called
2026-04-22 12:41:22.792 | outputReport() called
2026-04-22 12:41:22.803 | outputReport() called
2026-04-22 12:41:22.818 | outputReport() called
2026-04-22 12:41:22.962 | outputReport() called
2026-04-22 12:41:22.974 | outputReport() called
2026-04-22 12:41:23.021 | outputReport() called
2026-04-22 12:41:23.101 | outputReport() called
2026-04-22 12:41:23.118 | outputReport() called
2026-04-22 12:41:23.135 | outputReport() called
2026-04-22 12:41:23.214 | outputReport() called
2026-04-22 12:41:23.290 | outputReport() called
2026-04-22 12:41:23.336 | outputReport() called
2026-04-22 12:41:23.383 | outputReport() called
2026-04-22 12:41:23.460 | outputReport() called
2026-04-22 12:41:23.507 | outputReport() called
2026-04-22 12:41:23.554 | outputReport() called
2026-04-22 12:41:23.602 | outputReport() called
2026-04-22 12:41:23.647 | outputReport() called
2026-04-22 12:41:23.694 | outputReport() called
2026-04-22 12:41:23.741 | outputReport() called
2026-04-22 12:41:23.788 | outputReport() called
2026-04-22 12:41:23.867 | outputReport() called
2026-04-22 12:41:23.913 | outputReport() called
2026-04-22 12:41:23.928 | outputReport() called
2026-04-22 12:41:23.976 | outputReport() called
2026-04-22 12:41:24.054 | outputReport() called
2026-04-22 12:41:24.132 | outputReport() called
2026-04-22 12:41:24.181 | outputReport() called
2026-04-22 12:41:24.229 | outputReport() called
2026-04-22 12:41:24.311 | outputReport() called
2026-04-22 12:41:24.361 | outputReport() called
2026-04-22 12:41:24.379 | outputReport() called
2026-04-22 12:41:24.426 | outputReport() called
2026-04-22 12:41:24.440 | outputReport() called
2026-04-22 12:41:47.692 | ConnectToPortalToolStripMenuItem_Click() fired
2026-04-22 12:41:47.701 | FindThePortal() started
2026-04-22 12:41:47.703 | FindDeviceFromGuid() started
2026-04-22 12:41:47.708 | HID ENUM: \\?\hid#vid_048d&pid_c101&col05#7&5a8d188&0&0004#{4d1e55b2-f16f-11cf-88cb-001111000030}
2026-04-22 12:41:47.708 | HID ENUM: \\?\hid#vid_048d&pid_c965&mi_01#8&419689c&0&0000#{4d1e55b2-f16f-11cf-88cb-001111000030}
2026-04-22 12:41:47.709 | HID ENUM: \\?\hid#vid_048d&pid_c965&mi_00&col01#8&27f0a65e&0&0000#{4d1e55b2-f16f-11cf-88cb-001111000030}
2026-04-22 12:41:47.709 | HID ENUM: \\?\hid#vid_048d&pid_c965&mi_00&col02#8&27f0a65e&0&0001#{4d1e55b2-f16f-11cf-88cb-001111000030}
2026-04-22 12:41:47.710 | HID ENUM: \\?\hid#vid_048d&pid_c965&mi_00&col03#8&27f0a65e&0&0002#{4d1e55b2-f16f-11cf-88cb-001111000030}
2026-04-22 12:41:47.710 | HID ENUM: \\?\hid#vid_048d&pid_c101&col01#7&5a8d188&0&0000#{4d1e55b2-f16f-11cf-88cb-001111000030}
2026-04-22 12:41:47.711 | HID ENUM: \\?\hid#vid_048d&pid_c965&mi_00&col05#8&27f0a65e&0&0004#{4d1e55b2-f16f-11cf-88cb-001111000030}
2026-04-22 12:41:47.711 | HID ENUM: \\?\hid#vid_413c&pid_301a#8&1167722d&1&0000#{4d1e55b2-f16f-11cf-88cb-001111000030}
2026-04-22 12:41:47.712 | HID ENUM: \\?\hid#vid_048d&pid_c101&col02#7&5a8d188&0&0001#{4d1e55b2-f16f-11cf-88cb-001111000030}\kbd
2026-04-22 12:41:47.712 | HID ENUM: \\?\hid#vid_048d&pid_c101&col03#7&5a8d188&0&0002#{4d1e55b2-f16f-11cf-88cb-001111000030}
2026-04-22 12:41:47.713 | HID ENUM: \\?\hid#syna2ba6&col01#4&1dc0a8b0&0&0000#{4d1e55b2-f16f-11cf-88cb-001111000030}
2026-04-22 12:41:47.713 | HID ENUM: \\?\hid#vid_048d&pid_c965&mi_00&col04#8&27f0a65e&0&0003#{4d1e55b2-f16f-11cf-88cb-001111000030}\kbd
2026-04-22 12:41:47.714 | HID ENUM: \\?\hid#syna2ba6&col02#4&1dc0a8b0&0&0001#{4d1e55b2-f16f-11cf-88cb-001111000030}
2026-04-22 12:41:47.714 | HID ENUM: \\?\hid#syna2ba6&col03#4&1dc0a8b0&0&0002#{4d1e55b2-f16f-11cf-88cb-001111000030}
2026-04-22 12:41:47.715 | HID ENUM: \\?\hid#syna2ba6&col04#4&1dc0a8b0&0&0003#{4d1e55b2-f16f-11cf-88cb-001111000030}
2026-04-22 12:41:47.715 | HID ENUM: \\?\hid#vid_048d&pid_c101&col04#7&5a8d188&0&0003#{4d1e55b2-f16f-11cf-88cb-001111000030}
2026-04-22 12:41:47.716 | HID ENUM: \\?\hid#vid_1430&pid_0150#7&1208f419&3&0000#{4d1e55b2-f16f-11cf-88cb-001111000030}
2026-04-22 12:41:47.716 | SetupDiEnumDeviceInterfaces finished at memberIndex=17
2026-04-22 12:41:47.717 | FindDeviceFromGuid() returning True
2026-04-22 12:41:47.720 | Candidate HID Path: \\?\HID#VID_048D&PID_C101&COL05#7&5A8D188&0&0004#{4D1E55B2-F16F-11CF-88CB-001111000030}
2026-04-22 12:41:47.720 | Rejected HID path because it is not VID_1430/PID_0150
2026-04-22 12:41:47.721 | Candidate HID Path: \\?\HID#VID_048D&PID_C965&MI_01#8&419689C&0&0000#{4D1E55B2-F16F-11CF-88CB-001111000030}
2026-04-22 12:41:47.721 | Rejected HID path because it is not VID_1430/PID_0150
2026-04-22 12:41:47.722 | Candidate HID Path: \\?\HID#VID_048D&PID_C965&MI_00&COL01#8&27F0A65E&0&0000#{4D1E55B2-F16F-11CF-88CB-001111000030}
2026-04-22 12:41:47.722 | Rejected HID path because it is not VID_1430/PID_0150
2026-04-22 12:41:47.723 | Candidate HID Path: \\?\HID#VID_048D&PID_C965&MI_00&COL02#8&27F0A65E&0&0001#{4D1E55B2-F16F-11CF-88CB-001111000030}
2026-04-22 12:41:47.723 | Rejected HID path because it is not VID_1430/PID_0150
2026-04-22 12:41:47.724 | Candidate HID Path: \\?\HID#VID_048D&PID_C965&MI_00&COL03#8&27F0A65E&0&0002#{4D1E55B2-F16F-11CF-88CB-001111000030}
2026-04-22 12:41:47.724 | Rejected HID path because it is not VID_1430/PID_0150
2026-04-22 12:41:47.725 | Candidate HID Path: \\?\HID#VID_048D&PID_C101&COL01#7&5A8D188&0&0000#{4D1E55B2-F16F-11CF-88CB-001111000030}
2026-04-22 12:41:47.725 | Rejected HID path because it is not VID_1430/PID_0150
2026-04-22 12:41:47.726 | Candidate HID Path: \\?\HID#VID_048D&PID_C965&MI_00&COL05#8&27F0A65E&0&0004#{4D1E55B2-F16F-11CF-88CB-001111000030}
2026-04-22 12:41:47.726 | Rejected HID path because it is not VID_1430/PID_0150
2026-04-22 12:41:47.727 | Candidate HID Path: \\?\HID#VID_413C&PID_301A#8&1167722D&1&0000#{4D1E55B2-F16F-11CF-88CB-001111000030}
2026-04-22 12:41:47.727 | Rejected HID path because it is not VID_1430/PID_0150
2026-04-22 12:41:47.728 | Candidate HID Path: \\?\HID#VID_048D&PID_C101&COL02#7&5A8D188&0&0001#{4D1E55B2-F16F-11CF-88CB-001111000030}\KBD
2026-04-22 12:41:47.728 | Rejected HID path because it is not VID_1430/PID_0150
2026-04-22 12:41:47.729 | Candidate HID Path: \\?\HID#VID_048D&PID_C101&COL03#7&5A8D188&0&0002#{4D1E55B2-F16F-11CF-88CB-001111000030}
2026-04-22 12:41:47.729 | Rejected HID path because it is not VID_1430/PID_0150
2026-04-22 12:41:47.729 | Candidate HID Path: \\?\HID#SYNA2BA6&COL01#4&1DC0A8B0&0&0000#{4D1E55B2-F16F-11CF-88CB-001111000030}
2026-04-22 12:41:47.730 | Rejected HID path because it is not VID_1430/PID_0150
2026-04-22 12:41:47.730 | Candidate HID Path: \\?\HID#VID_048D&PID_C965&MI_00&COL04#8&27F0A65E&0&0003#{4D1E55B2-F16F-11CF-88CB-001111000030}\KBD
2026-04-22 12:41:47.731 | Rejected HID path because it is not VID_1430/PID_0150
2026-04-22 12:41:47.731 | Candidate HID Path: \\?\HID#SYNA2BA6&COL02#4&1DC0A8B0&0&0001#{4D1E55B2-F16F-11CF-88CB-001111000030}
2026-04-22 12:41:47.732 | Rejected HID path because it is not VID_1430/PID_0150
2026-04-22 12:41:47.732 | Candidate HID Path: \\?\HID#SYNA2BA6&COL03#4&1DC0A8B0&0&0002#{4D1E55B2-F16F-11CF-88CB-001111000030}
2026-04-22 12:41:47.733 | Rejected HID path because it is not VID_1430/PID_0150
2026-04-22 12:41:47.733 | Candidate HID Path: \\?\HID#SYNA2BA6&COL04#4&1DC0A8B0&0&0003#{4D1E55B2-F16F-11CF-88CB-001111000030}
2026-04-22 12:41:47.733 | Rejected HID path because it is not VID_1430/PID_0150
2026-04-22 12:41:47.734 | Candidate HID Path: \\?\HID#VID_048D&PID_C101&COL04#7&5A8D188&0&0003#{4D1E55B2-F16F-11CF-88CB-001111000030}
2026-04-22 12:41:47.734 | Rejected HID path because it is not VID_1430/PID_0150
2026-04-22 12:41:47.735 | Candidate HID Path: \\?\HID#VID_1430&PID_0150#7&1208F419&3&0000#{4D1E55B2-F16F-11CF-88CB-001111000030}
2026-04-22 12:41:47.736 | CreateFile (query handle) succeeded
2026-04-22 12:41:47.737 | Attributes VID=5168 PID=336
2026-04-22 12:41:47.737 | Portal candidate accepted: \\?\hid#vid_1430&pid_0150#7&1208f419&3&0000#{4d1e55b2-f16f-11cf-88cb-001111000030}
2026-04-22 12:41:47.739 | Re-opening portal with read/write access: \\?\hid#vid_1430&pid_0150#7&1208f419&3&0000#{4d1e55b2-f16f-11cf-88cb-001111000030}
2026-04-22 12:41:47.740 | CreateFile (read/write handle) succeeded
2026-04-22 12:41:47.741 | Portal connected successfully
2026-04-22 12:41:54.415 | outputReport() called
2026-04-22 12:41:54.475 | outputReport() called
2026-04-22 12:41:54.993 | outputReport() called
2026-04-22 12:41:55.102 | outputReport() called
2026-04-22 12:41:55.149 | outputReport() called
2026-04-22 12:41:55.196 | outputReport() called
2026-04-22 12:41:55.210 | outputReport() called
2026-04-22 12:41:55.227 | outputReport() called
2026-04-22 12:41:55.276 | outputReport() called
2026-04-22 12:41:55.355 | outputReport() called
2026-04-22 12:41:55.373 | outputReport() called
2026-04-22 12:41:55.486 | outputReport() called
2026-04-22 12:41:55.535 | outputReport() called
2026-04-22 12:41:55.616 | outputReport() called
2026-04-22 12:41:55.666 | outputReport() called
2026-04-22 12:41:55.746 | outputReport() called
2026-04-22 12:41:55.795 | outputReport() called
2026-04-22 12:41:55.844 | outputReport() called
2026-04-22 12:41:55.924 | outputReport() called
2026-04-22 12:41:55.972 | outputReport() called
2026-04-22 12:41:56.021 | outputReport() called
2026-04-22 12:41:56.071 | outputReport() called
2026-04-22 12:41:56.121 | outputReport() called
2026-04-22 12:41:56.172 | outputReport() called
2026-04-22 12:41:56.283 | outputReport() called
2026-04-22 12:41:56.427 | outputReport() called
2026-04-22 12:41:56.474 | outputReport() called
2026-04-22 12:41:56.491 | outputReport() called
2026-04-22 12:41:56.573 | outputReport() called
2026-04-22 12:41:56.655 | outputReport() called
2026-04-22 12:41:56.733 | outputReport() called
2026-04-22 12:41:56.784 | outputReport() called
2026-04-22 12:41:56.801 | outputReport() called
2026-04-22 12:41:56.850 | outputReport() called
2026-04-22 12:41:56.897 | outputReport() called
2026-04-22 12:41:57.010 | outputReport() called
2026-04-22 12:41:57.059 | outputReport() called
2026-04-22 12:41:57.075 | outputReport() called
2026-04-22 12:41:57.189 | outputReport() called
2026-04-22 12:41:57.267 | outputReport() called
2026-04-22 12:41:57.316 | outputReport() called
2026-04-22 12:41:57.365 | outputReport() called
2026-04-22 12:41:57.382 | outputReport() called
2026-04-22 12:41:57.399 | outputReport() called
2026-04-22 12:41:57.416 | outputReport() called
2026-04-22 12:41:57.433 | outputReport() called
2026-04-22 12:41:57.513 | outputReport() called
2026-04-22 12:41:57.563 | outputReport() called
2026-04-22 12:41:57.645 | outputReport() called
2026-04-22 12:41:57.694 | outputReport() called
2026-04-22 12:41:57.741 | outputReport() called
2026-04-22 12:41:57.791 | outputReport() called
2026-04-22 12:41:57.840 | outputReport() called
2026-04-22 12:41:57.857 | outputReport() called
2026-04-22 12:41:57.873 | outputReport() called
2026-04-22 12:41:57.890 | outputReport() called
2026-04-22 12:41:58.034 | outputReport() called
2026-04-22 12:41:58.083 | outputReport() called
2026-04-22 12:41:58.164 | outputReport() called
2026-04-22 12:41:58.211 | outputReport() called
2026-04-22 12:41:58.228 | outputReport() called
2026-04-22 12:41:58.277 | outputReport() called
2026-04-22 12:41:58.357 | outputReport() called
2026-04-22 12:41:58.374 | outputReport() called
2026-04-22 12:41:58.422 | outputReport() called
2026-04-22 12:41:58.504 | outputReport() called
2026-04-22 12:42:13.162 | outputReport() called
2026-04-22 12:42:13.219 | outputReport() called
2026-04-22 12:42:13.726 | outputReport() called
2026-04-22 12:42:13.837 | outputReport() called
2026-04-22 12:42:13.945 | outputReport() called
2026-04-22 12:42:14.056 | outputReport() called
2026-04-22 12:42:14.166 | outputReport() called
2026-04-22 12:42:14.275 | outputReport() called
2026-04-22 12:42:14.385 | outputReport() called
2026-04-22 12:42:14.497 | outputReport() called
2026-04-22 12:42:14.608 | outputReport() called
2026-04-22 12:42:14.718 | outputReport() called
2026-04-22 12:42:14.828 | outputReport() called
2026-04-22 12:42:14.940 | outputReport() called
2026-04-22 12:42:15.051 | outputReport() called
2026-04-22 12:42:15.160 | outputReport() called
2026-04-22 12:42:15.272 | outputReport() called
2026-04-22 12:42:15.383 | outputReport() called
2026-04-22 12:42:15.493 | outputReport() called
2026-04-22 12:42:15.601 | outputReport() called
2026-04-22 12:42:15.710 | outputReport() called
2026-04-22 12:42:15.821 | outputReport() called
2026-04-22 12:42:15.932 | outputReport() called
2026-04-22 12:42:16.043 | outputReport() called
2026-04-22 12:42:16.153 | outputReport() called
2026-04-22 12:42:16.262 | outputReport() called
2026-04-22 12:42:16.372 | outputReport() called
2026-04-22 12:42:16.481 | outputReport() called
2026-04-22 12:42:16.590 | outputReport() called
2026-04-22 12:42:16.702 | outputReport() called
2026-04-22 12:42:16.811 | outputReport() called
2026-04-22 12:42:16.922 | outputReport() called
2026-04-22 12:42:17.031 | outputReport() called
2026-04-22 12:42:17.140 | outputReport() called
2026-04-22 12:42:17.250 | outputReport() called
2026-04-22 12:42:17.360 | outputReport() called
2026-04-22 12:42:17.470 | outputReport() called
2026-04-22 12:42:17.580 | outputReport() called
2026-04-22 12:42:17.690 | outputReport() called
2026-04-22 12:42:17.801 | outputReport() called
2026-04-22 12:42:17.911 | outputReport() called
2026-04-22 12:42:18.023 | outputReport() called
2026-04-22 12:42:18.133 | outputReport() called
2026-04-22 12:42:18.244 | outputReport() called
2026-04-22 12:42:18.354 | outputReport() called
2026-04-22 12:42:18.465 | outputReport() called
2026-04-22 12:42:18.575 | outputReport() called
2026-04-22 12:42:18.684 | outputReport() called
2026-04-22 12:42:18.793 | outputReport() called
2026-04-22 12:42:18.902 | outputReport() called
2026-04-22 12:42:19.013 | outputReport() called
2026-04-22 12:42:19.122 | outputReport() called
2026-04-22 12:42:19.233 | outputReport() called
2026-04-22 12:42:19.342 | outputReport() called
2026-04-22 12:42:19.450 | outputReport() called
2026-04-22 12:42:19.559 | outputReport() called
2026-04-22 12:42:19.670 | outputReport() called
2026-04-22 12:42:19.779 | outputReport() called
2026-04-22 12:42:19.887 | outputReport() called
2026-04-22 12:42:19.998 | outputReport() called
2026-04-22 12:42:20.107 | outputReport() called
2026-04-22 12:42:28.692 | outputReport() called
2026-04-22 12:42:28.756 | outputReport() called
2026-04-22 12:42:29.272 | outputReport() called
2026-04-22 12:42:29.443 | outputReport() called
2026-04-22 12:42:29.456 | outputReport() called
2026-04-22 12:42:29.535 | outputReport() called
2026-04-22 12:42:29.580 | outputReport() called
2026-04-22 12:42:29.630 | outputReport() called
2026-04-22 12:42:29.646 | outputReport() called
2026-04-22 12:42:29.728 | outputReport() called
2026-04-22 12:42:29.745 | outputReport() called
2026-04-22 12:42:29.824 | outputReport() called
2026-04-22 12:42:29.841 | outputReport() called
2026-04-22 12:42:29.891 | outputReport() called
2026-04-22 12:42:29.970 | outputReport() called
2026-04-22 12:42:30.020 | outputReport() called
2026-04-22 12:42:30.037 | outputReport() called
2026-04-22 12:42:30.117 | outputReport() called
2026-04-22 12:42:30.168 | outputReport() called
2026-04-22 12:42:30.216 | outputReport() called
2026-04-22 12:42:30.233 | outputReport() called
2026-04-22 12:42:30.250 | outputReport() called
2026-04-22 12:42:30.331 | outputReport() called
2026-04-22 12:42:30.382 | outputReport() called
2026-04-22 12:42:30.461 | outputReport() called
2026-04-22 12:42:30.574 | outputReport() called
2026-04-22 12:42:30.591 | outputReport() called
2026-04-22 12:42:30.640 | outputReport() called
2026-04-22 12:42:30.719 | outputReport() called
2026-04-22 12:42:30.737 | outputReport() called
2026-04-22 12:42:30.787 | outputReport() called
2026-04-22 12:42:30.898 | outputReport() called
2026-04-22 12:42:30.947 | outputReport() called
2026-04-22 12:42:30.964 | outputReport() called
2026-04-22 12:42:31.011 | outputReport() called
2026-04-22 12:42:31.093 | outputReport() called
2026-04-22 12:42:31.207 | outputReport() called
2026-04-22 12:42:31.225 | outputReport() called
2026-04-22 12:42:31.275 | outputReport() called
2026-04-22 12:42:31.355 | outputReport() called
2026-04-22 12:42:31.372 | outputReport() called
2026-04-22 12:42:31.421 | outputReport() called
2026-04-22 12:42:31.471 | outputReport() called
2026-04-22 12:42:31.551 | outputReport() called
2026-04-22 12:42:31.601 | outputReport() called
2026-04-22 12:42:31.618 | outputReport() called
2026-04-22 12:42:31.666 | outputReport() called
2026-04-22 12:42:31.716 | outputReport() called
2026-04-22 12:42:31.764 | outputReport() called
2026-04-22 12:42:31.845 | outputReport() called
2026-04-22 12:42:31.895 | outputReport() called
2026-04-22 12:42:31.912 | outputReport() called
2026-04-22 12:42:32.025 | outputReport() called
2026-04-22 12:42:32.107 | outputReport() called
2026-04-22 12:42:32.157 | outputReport() called
2026-04-22 12:42:32.205 | outputReport() called
2026-04-22 12:42:32.318 | outputReport() called
2026-04-22 12:42:32.367 | outputReport() called
2026-04-22 12:42:32.415 | outputReport() called
2026-04-22 12:42:32.463 | outputReport() called
2026-04-22 12:42:32.481 | outputReport() called
2026-04-22 12:42:32.561 | outputReport() called
2026-04-22 12:42:32.672 | outputReport() called
2026-04-22 12:42:32.721 | outputReport() called
2026-04-22 12:42:32.800 | outputReport() called
2026-04-22 12:42:32.881 | outputReport() called
2026-04-22 12:42:42.120 | outputReport() called
2026-04-22 12:42:42.181 | outputReport() called
2026-04-22 12:42:42.695 | outputReport() called
2026-04-22 12:42:42.804 | outputReport() called
2026-04-22 12:42:42.914 | outputReport() called
2026-04-22 12:42:43.022 | outputReport() called
2026-04-22 12:42:43.132 | outputReport() called
2026-04-22 12:42:43.243 | outputReport() called
2026-04-22 12:42:43.352 | outputReport() called
2026-04-22 12:42:43.462 | outputReport() called
2026-04-22 12:42:43.571 | outputReport() called
2026-04-22 12:42:43.681 | outputReport() called
2026-04-22 12:42:43.792 | outputReport() called
2026-04-22 12:42:43.900 | outputReport() called
2026-04-22 12:42:44.010 | outputReport() called
2026-04-22 12:42:44.119 | outputReport() called
2026-04-22 12:42:44.229 | outputReport() called
2026-04-22 12:42:44.339 | outputReport() called
2026-04-22 12:42:44.449 | outputReport() called
2026-04-22 12:42:44.557 | outputReport() called
2026-04-22 12:42:44.667 | outputReport() called
2026-04-22 12:42:44.777 | outputReport() called
2026-04-22 12:42:44.888 | outputReport() called
2026-04-22 12:42:44.998 | outputReport() called
2026-04-22 12:42:45.108 | outputReport() called
2026-04-22 12:42:45.218 | outputReport() called
2026-04-22 12:42:45.328 | outputReport() called
2026-04-22 12:42:45.438 | outputReport() called
2026-04-22 12:42:45.547 | outputReport() called
2026-04-22 12:42:45.658 | outputReport() called
2026-04-22 12:42:45.768 | outputReport() called
2026-04-22 12:42:45.879 | outputReport() called
2026-04-22 12:42:45.989 | outputReport() called
2026-04-22 12:42:46.098 | outputReport() called
2026-04-22 12:42:46.208 | outputReport() called
2026-04-22 12:42:46.316 | outputReport() called
2026-04-22 12:42:46.425 | outputReport() called
2026-04-22 12:42:46.534 | outputReport() called
2026-04-22 12:42:46.644 | outputReport() called
2026-04-22 12:42:46.755 | outputReport() called
2026-04-22 12:42:46.864 | outputReport() called
2026-04-22 12:42:46.974 | outputReport() called
2026-04-22 12:42:47.083 | outputReport() called
2026-04-22 12:42:47.193 | outputReport() called
2026-04-22 12:42:47.302 | outputReport() called
2026-04-22 12:42:47.411 | outputReport() called
2026-04-22 12:42:47.520 | outputReport() called
2026-04-22 12:42:47.631 | outputReport() called
2026-04-22 12:42:47.743 | outputReport() called
2026-04-22 12:42:47.853 | outputReport() called
2026-04-22 12:42:47.964 | outputReport() called
2026-04-22 12:42:48.073 | outputReport() called
2026-04-22 12:42:48.183 | outputReport() called
2026-04-22 12:42:48.292 | outputReport() called
2026-04-22 12:42:48.400 | outputReport() called
2026-04-22 12:42:48.511 | outputReport() called
2026-04-22 12:42:48.622 | outputReport() called
2026-04-22 12:42:48.733 | outputReport() called
2026-04-22 12:42:48.844 | outputReport() called
2026-04-22 12:42:48.955 | outputReport() called
2026-04-22 12:42:49.067 | outputReport() called
2026-04-22 12:42:59.844 | outputReport() called
2026-04-22 12:42:59.911 | outputReport() called
2026-04-22 12:43:00.426 | outputReport() called
2026-04-22 12:43:00.459 | outputReport() called
2026-04-22 12:43:00.505 | outputReport() called
2026-04-22 12:43:00.552 | outputReport() called
2026-04-22 12:43:00.631 | outputReport() called
2026-04-22 12:43:00.679 | outputReport() called
2026-04-22 12:43:00.696 | outputReport() called
2026-04-22 12:43:00.778 | outputReport() called
2026-04-22 12:43:00.795 | outputReport() called
2026-04-22 12:43:00.844 | outputReport() called
2026-04-22 12:43:00.861 | outputReport() called
2026-04-22 12:43:00.877 | outputReport() called
2026-04-22 12:43:00.959 | outputReport() called
2026-04-22 12:43:00.976 | outputReport() called
2026-04-22 12:43:00.992 | outputReport() called
2026-04-22 12:43:01.041 | outputReport() called
2026-04-22 12:43:01.089 | outputReport() called
2026-04-22 12:43:01.201 | outputReport() called
2026-04-22 12:43:01.250 | outputReport() called
2026-04-22 12:43:01.331 | outputReport() called
2026-04-22 12:43:01.380 | outputReport() called
2026-04-22 12:43:01.398 | outputReport() called
2026-04-22 12:43:01.414 | outputReport() called
2026-04-22 12:43:01.524 | outputReport() called
2026-04-22 12:43:01.606 | outputReport() called
2026-04-22 12:43:01.654 | outputReport() called
2026-04-22 12:43:01.703 | outputReport() called
2026-04-22 12:43:01.816 | outputReport() called
2026-04-22 12:43:01.960 | outputReport() called
2026-04-22 12:43:01.978 | outputReport() called
2026-04-22 12:43:02.058 | outputReport() called
2026-04-22 12:43:02.108 | outputReport() called
2026-04-22 12:43:02.190 | outputReport() called
2026-04-22 12:43:02.270 | outputReport() called
2026-04-22 12:43:02.320 | outputReport() called
2026-04-22 12:43:02.401 | outputReport() called
2026-04-22 12:43:02.514 | outputReport() called
2026-04-22 12:43:02.592 | outputReport() called
2026-04-22 12:43:02.643 | outputReport() called
2026-04-22 12:43:02.690 | outputReport() called
2026-04-22 12:43:02.707 | outputReport() called
2026-04-22 12:43:02.757 | outputReport() called
2026-04-22 12:43:02.838 | outputReport() called
2026-04-22 12:43:02.855 | outputReport() called
2026-04-22 12:43:02.934 | outputReport() called
2026-04-22 12:43:03.015 | outputReport() called
2026-04-22 12:43:03.032 | outputReport() called
2026-04-22 12:43:03.080 | outputReport() called
2026-04-22 12:43:03.097 | outputReport() called
2026-04-22 12:43:03.114 | outputReport() called
2026-04-22 12:43:03.165 | outputReport() called
2026-04-22 12:43:03.277 | outputReport() called
2026-04-22 12:43:03.357 | outputReport() called
2026-04-22 12:43:03.407 | outputReport() called
2026-04-22 12:43:03.424 | outputReport() called
2026-04-22 12:43:03.471 | outputReport() called
2026-04-22 12:43:03.489 | outputReport() called
2026-04-22 12:43:03.505 | outputReport() called
2026-04-22 12:43:03.586 | outputReport() called
2026-04-22 12:43:03.636 | outputReport() called
2026-04-22 12:43:03.653 | outputReport() called
2026-04-22 12:43:03.703 | outputReport() called
2026-04-22 12:43:03.901 | outputReport() called
2026-04-22 12:43:03.951 | outputReport() called
2026-04-22 12:43:11.509 | outputReport() called
2026-04-22 12:43:11.575 | outputReport() called
2026-04-22 12:43:12.089 | outputReport() called
2026-04-22 12:43:12.199 | outputReport() called
2026-04-22 12:43:12.309 | outputReport() called
2026-04-22 12:43:12.419 | outputReport() called
2026-04-22 12:43:12.528 | outputReport() called
2026-04-22 12:43:12.636 | outputReport() called
2026-04-22 12:43:12.745 | outputReport() called
2026-04-22 12:43:12.854 | outputReport() called
2026-04-22 12:43:12.963 | outputReport() called
2026-04-22 12:43:13.074 | outputReport() called
2026-04-22 12:43:13.184 | outputReport() called
2026-04-22 12:43:13.296 | outputReport() called
2026-04-22 12:43:13.407 | outputReport() called
2026-04-22 12:43:13.519 | outputReport() called
2026-04-22 12:43:13.630 | outputReport() called
2026-04-22 12:43:13.742 | outputReport() called
2026-04-22 12:43:13.852 | outputReport() called
2026-04-22 12:43:13.964 | outputReport() called
2026-04-22 12:43:14.075 | outputReport() called
2026-04-22 12:43:14.187 | outputReport() called
2026-04-22 12:43:14.299 | outputReport() called
2026-04-22 12:43:14.409 | outputReport() called
2026-04-22 12:43:14.519 | outputReport() called
2026-04-22 12:43:14.627 | outputReport() called
2026-04-22 12:43:14.738 | outputReport() called
2026-04-22 12:43:14.849 | outputReport() called
2026-04-22 12:43:14.961 | outputReport() called
2026-04-22 12:43:15.072 | outputReport() called
2026-04-22 12:43:15.184 | outputReport() called
2026-04-22 12:43:15.295 | outputReport() called
2026-04-22 12:43:15.406 | outputReport() called
2026-04-22 12:43:15.516 | outputReport() called
2026-04-22 12:43:15.627 | outputReport() called
2026-04-22 12:43:15.739 | outputReport() called
2026-04-22 12:43:15.850 | outputReport() called
2026-04-22 12:43:15.960 | outputReport() called
2026-04-22 12:43:16.071 | outputReport() called
2026-04-22 12:43:16.180 | outputReport() called
2026-04-22 12:43:16.289 | outputReport() called
2026-04-22 12:43:16.399 | outputReport() called
2026-04-22 12:43:16.509 | outputReport() called
2026-04-22 12:43:16.618 | outputReport() called
2026-04-22 12:43:16.730 | outputReport() called
2026-04-22 12:43:16.840 | outputReport() called
2026-04-22 12:43:16.951 | outputReport() called
2026-04-22 12:43:17.063 | outputReport() called
2026-04-22 12:43:17.174 | outputReport() called
2026-04-22 12:43:17.283 | outputReport() called
2026-04-22 12:43:17.395 | outputReport() called
2026-04-22 12:43:17.505 | outputReport() called
2026-04-22 12:43:17.616 | outputReport() called
2026-04-22 12:43:17.727 | outputReport() called
2026-04-22 12:43:17.837 | outputReport() called
2026-04-22 12:43:17.946 | outputReport() called
2026-04-22 12:43:18.056 | outputReport() called
2026-04-22 12:43:18.165 | outputReport() called
2026-04-22 12:43:18.274 | outputReport() called
2026-04-22 12:43:18.386 | outputReport() called
2026-04-22 12:43:18.496 | outputReport() called
2026-04-22 12:43:31.509 | outputReport() called
2026-04-22 12:43:31.564 | outputReport() called
2026-04-22 12:43:32.078 | outputReport() called
2026-04-22 12:43:32.180 | outputReport() called
2026-04-22 12:43:32.226 | outputReport() called
2026-04-22 12:43:32.367 | outputReport() called
2026-04-22 12:43:32.447 | outputReport() called
2026-04-22 12:43:32.498 | outputReport() called
2026-04-22 12:43:32.579 | outputReport() called
2026-04-22 12:43:32.594 | outputReport() called
2026-04-22 12:43:32.675 | outputReport() called
2026-04-22 12:43:32.724 | outputReport() called
2026-04-22 12:43:32.805 | outputReport() called
2026-04-22 12:43:32.886 | outputReport() called
2026-04-22 12:43:32.936 | outputReport() called
2026-04-22 12:43:33.016 | outputReport() called
2026-04-22 12:43:33.130 | outputReport() called
2026-04-22 12:43:33.240 | outputReport() called
2026-04-22 12:43:33.291 | outputReport() called
2026-04-22 12:43:33.338 | outputReport() called
2026-04-22 12:43:33.420 | outputReport() called
2026-04-22 12:43:33.468 | outputReport() called
2026-04-22 12:43:33.515 | outputReport() called
2026-04-22 12:43:33.564 | outputReport() called
2026-04-22 12:43:33.612 | outputReport() called
2026-04-22 12:43:33.662 | outputReport() called
2026-04-22 12:43:33.744 | outputReport() called
2026-04-22 12:43:33.826 | outputReport() called
2026-04-22 12:43:33.842 | outputReport() called
2026-04-22 12:43:33.890 | outputReport() called
2026-04-22 12:43:33.971 | outputReport() called
2026-04-22 12:43:34.054 | outputReport() called
2026-04-22 12:43:34.105 | outputReport() called
2026-04-22 12:43:34.122 | outputReport() called
2026-04-22 12:43:34.170 | outputReport() called
2026-04-22 12:43:34.188 | outputReport() called
2026-04-22 12:43:34.298 | outputReport() called
2026-04-22 12:43:34.409 | outputReport() called
2026-04-22 12:43:34.424 | outputReport() called
2026-04-22 12:43:34.537 | outputReport() called
2026-04-22 12:43:34.616 | outputReport() called
2026-04-22 12:43:34.664 | outputReport() called
2026-04-22 12:43:34.714 | outputReport() called
2026-04-22 12:43:34.795 | outputReport() called
2026-04-22 12:43:34.906 | outputReport() called
2026-04-22 12:43:34.922 | outputReport() called
2026-04-22 12:43:34.938 | outputReport() called
2026-04-22 12:43:34.987 | outputReport() called
2026-04-22 12:43:35.035 | outputReport() called
2026-04-22 12:43:35.118 | outputReport() called
2026-04-22 12:43:35.166 | outputReport() called
2026-04-22 12:43:35.247 | outputReport() called
2026-04-22 12:43:35.294 | outputReport() called
2026-04-22 12:43:35.376 | outputReport() called
2026-04-22 12:43:35.391 | outputReport() called
2026-04-22 12:43:35.473 | outputReport() called
2026-04-22 12:43:35.524 | outputReport() called
2026-04-22 12:43:35.570 | outputReport() called
2026-04-22 12:43:35.651 | outputReport() called
2026-04-22 12:43:35.668 | outputReport() called
2026-04-22 12:43:35.684 | outputReport() called
2026-04-22 12:43:35.700 | outputReport() called
2026-04-22 12:43:35.718 | outputReport() called
2026-04-22 12:43:35.765 | outputReport() called
2026-04-22 12:43:35.912 | outputReport() called
2026-04-22 12:43:35.961 | outputReport() called
2026-04-22 12:43:55.182 | outputReport() called
2026-04-22 12:43:55.246 | outputReport() called
2026-04-22 12:43:55.752 | outputReport() called
2026-04-22 12:43:55.766 | outputReport() called
2026-04-22 12:43:55.814 | outputReport() called
2026-04-22 12:43:55.924 | outputReport() called
2026-04-22 12:43:55.938 | outputReport() called
2026-04-22 12:43:55.987 | outputReport() called
2026-04-22 12:43:56.066 | outputReport() called
2026-04-22 12:43:56.182 | outputReport() called
2026-04-22 12:43:56.296 | outputReport() called
2026-04-22 12:43:56.344 | outputReport() called
2026-04-22 12:43:56.424 | outputReport() called
2026-04-22 12:43:56.473 | outputReport() called
2026-04-22 12:43:56.521 | outputReport() called
2026-04-22 12:43:56.539 | outputReport() called
2026-04-22 12:43:56.587 | outputReport() called
2026-04-22 12:43:56.635 | outputReport() called
2026-04-22 12:43:56.652 | outputReport() called
2026-04-22 12:43:56.668 | outputReport() called
2026-04-22 12:43:56.717 | outputReport() called
2026-04-22 12:43:56.799 | outputReport() called
2026-04-22 12:43:56.815 | outputReport() called
2026-04-22 12:43:56.831 | outputReport() called
2026-04-22 12:43:56.943 | outputReport() called
2026-04-22 12:43:56.960 | outputReport() called
2026-04-22 12:43:57.007 | outputReport() called
2026-04-22 12:43:57.088 | outputReport() called
2026-04-22 12:43:57.137 | outputReport() called
2026-04-22 12:43:57.185 | outputReport() called
2026-04-22 12:43:57.234 | outputReport() called
2026-04-22 12:43:57.316 | outputReport() called
2026-04-22 12:43:57.332 | outputReport() called
2026-04-22 12:43:57.412 | outputReport() called
2026-04-22 12:43:57.429 | outputReport() called
2026-04-22 12:43:57.451 | outputReport() called
2026-04-22 12:43:57.532 | outputReport() called
2026-04-22 12:43:57.643 | outputReport() called
2026-04-22 12:43:57.694 | outputReport() called
2026-04-22 12:43:57.744 | outputReport() called
2026-04-22 12:43:57.792 | outputReport() called
2026-04-22 12:43:57.839 | outputReport() called
2026-04-22 12:43:57.921 | outputReport() called
2026-04-22 12:43:57.972 | outputReport() called
2026-04-22 12:43:57.988 | outputReport() called
2026-04-22 12:43:58.004 | outputReport() called
2026-04-22 12:43:58.053 | outputReport() called
2026-04-22 12:43:58.101 | outputReport() called
2026-04-22 12:43:58.118 | outputReport() called
2026-04-22 12:43:58.134 | outputReport() called
2026-04-22 12:43:58.182 | outputReport() called
2026-04-22 12:43:58.263 | outputReport() called
2026-04-22 12:43:58.311 | outputReport() called
2026-04-22 12:43:58.362 | outputReport() called
2026-04-22 12:43:58.411 | outputReport() called
2026-04-22 12:43:58.429 | outputReport() called
2026-04-22 12:43:58.478 | outputReport() called
2026-04-22 12:43:58.559 | outputReport() called
2026-04-22 12:43:58.608 | outputReport() called
2026-04-22 12:43:58.655 | outputReport() called
2026-04-22 12:43:58.703 | outputReport() called
2026-04-22 12:43:58.720 | outputReport() called
2026-04-22 12:43:58.803 | outputReport() called
2026-04-22 12:43:58.884 | outputReport() called
2026-04-22 12:43:58.900 | outputReport() called
2026-04-22 12:43:58.950 | outputReport() called
2026-04-22 12:44:18.078 | outputReport() called
2026-04-22 12:44:18.141 | outputReport() called
2026-04-22 12:44:18.656 | outputReport() called
2026-04-22 12:44:18.671 | outputReport() called
2026-04-22 12:44:18.779 | outputReport() called
2026-04-22 12:44:18.826 | outputReport() called
2026-04-22 12:44:18.904 | outputReport() called
2026-04-22 12:44:18.920 | outputReport() called
2026-04-22 12:44:18.938 | outputReport() called
2026-04-22 12:44:19.017 | outputReport() called
2026-04-22 12:44:19.034 | outputReport() called
2026-04-22 12:44:19.051 | outputReport() called
2026-04-22 12:44:19.132 | outputReport() called
2026-04-22 12:44:19.149 | outputReport() called
2026-04-22 12:44:19.198 | outputReport() called
2026-04-22 12:44:19.215 | outputReport() called
2026-04-22 12:44:19.326 | outputReport() called
2026-04-22 12:44:19.437 | outputReport() called
2026-04-22 12:44:19.519 | outputReport() called
2026-04-22 12:44:19.632 | outputReport() called
2026-04-22 12:44:19.682 | outputReport() called
2026-04-22 12:44:19.763 | outputReport() called
2026-04-22 12:44:19.811 | outputReport() called
2026-04-22 12:44:19.828 | outputReport() called
2026-04-22 12:44:19.878 | outputReport() called
2026-04-22 12:44:19.895 | outputReport() called
2026-04-22 12:44:19.977 | outputReport() called
2026-04-22 12:44:19.993 | outputReport() called
2026-04-22 12:44:20.105 | outputReport() called
2026-04-22 12:44:20.122 | outputReport() called
2026-04-22 12:44:20.233 | outputReport() called
2026-04-22 12:44:20.281 | outputReport() called
2026-04-22 12:44:20.361 | outputReport() called
2026-04-22 12:44:20.378 | outputReport() called
2026-04-22 12:44:20.395 | outputReport() called
2026-04-22 12:44:20.412 | outputReport() called
2026-04-22 12:44:20.526 | outputReport() called
2026-04-22 12:44:20.637 | outputReport() called
2026-04-22 12:44:20.717 | outputReport() called
2026-04-22 12:44:20.830 | outputReport() called
2026-04-22 12:44:20.879 | outputReport() called
2026-04-22 12:44:20.896 | outputReport() called
2026-04-22 12:44:21.008 | outputReport() called
2026-04-22 12:44:21.026 | outputReport() called
2026-04-22 12:44:21.043 | outputReport() called
2026-04-22 12:44:21.059 | outputReport() called
2026-04-22 12:44:21.140 | outputReport() called
2026-04-22 12:44:21.187 | outputReport() called
2026-04-22 12:44:21.238 | outputReport() called
2026-04-22 12:44:21.255 | outputReport() called
2026-04-22 12:44:21.272 | outputReport() called
2026-04-22 12:44:21.319 | outputReport() called
2026-04-22 12:44:21.369 | outputReport() called
2026-04-22 12:44:21.418 | outputReport() called
2026-04-22 12:44:21.465 | outputReport() called
2026-04-22 12:44:21.481 | outputReport() called
2026-04-22 12:44:21.497 | outputReport() called
2026-04-22 12:44:21.513 | outputReport() called
2026-04-22 12:44:21.563 | outputReport() called
2026-04-22 12:44:21.581 | outputReport() called
2026-04-22 12:44:21.630 | outputReport() called
2026-04-22 12:44:21.711 | outputReport() called
2026-04-22 12:44:21.728 | outputReport() called
2026-04-22 12:44:21.775 | outputReport() called
2026-04-22 12:44:21.822 | outputReport() called
2026-04-22 12:44:21.840 | outputReport() called
2026-04-22 12:44:44.416 | outputReport() called
2026-04-22 12:44:44.470 | outputReport() called
2026-04-22 12:44:44.986 | outputReport() called
2026-04-22 12:44:45.000 | outputReport() called
2026-04-22 12:44:45.014 | outputReport() called
2026-04-22 12:44:45.092 | outputReport() called
2026-04-22 12:44:45.170 | outputReport() called
2026-04-22 12:44:45.220 | outputReport() called
2026-04-22 12:44:45.299 | outputReport() called
2026-04-22 12:44:45.379 | outputReport() called
2026-04-22 12:44:45.491 | outputReport() called
2026-04-22 12:44:45.508 | outputReport() called
2026-04-22 12:44:45.526 | outputReport() called
2026-04-22 12:44:45.637 | outputReport() called
2026-04-22 12:44:45.781 | outputReport() called
2026-04-22 12:44:45.798 | outputReport() called
2026-04-22 12:44:45.813 | outputReport() called
2026-04-22 12:44:45.945 | outputReport() called
2026-04-22 12:44:45.996 | outputReport() called
2026-04-22 12:44:46.045 | outputReport() called
2026-04-22 12:44:46.092 | outputReport() called
2026-04-22 12:44:46.174 | outputReport() called
2026-04-22 12:44:46.254 | outputReport() called
2026-04-22 12:44:46.305 | outputReport() called
2026-04-22 12:44:46.353 | outputReport() called
2026-04-22 12:44:46.400 | outputReport() called
2026-04-22 12:44:46.451 | outputReport() called
2026-04-22 12:44:46.533 | outputReport() called
2026-04-22 12:44:46.615 | outputReport() called
2026-04-22 12:44:46.665 | outputReport() called
2026-04-22 12:44:46.713 | outputReport() called
2026-04-22 12:44:46.825 | outputReport() called
2026-04-22 12:44:46.872 | outputReport() called
2026-04-22 12:44:46.922 | outputReport() called
2026-04-22 12:44:46.969 | outputReport() called
2026-04-22 12:44:46.986 | outputReport() called
2026-04-22 12:44:47.034 | outputReport() called
2026-04-22 12:44:47.115 | outputReport() called
2026-04-22 12:44:47.132 | outputReport() called
2026-04-22 12:44:47.181 | outputReport() called
2026-04-22 12:44:47.230 | outputReport() called
2026-04-22 12:44:47.277 | outputReport() called
2026-04-22 12:44:47.357 | outputReport() called
2026-04-22 12:44:47.374 | outputReport() called
2026-04-22 12:44:47.454 | outputReport() called
2026-04-22 12:44:47.502 | outputReport() called
2026-04-22 12:44:47.551 | outputReport() called
2026-04-22 12:44:47.599 | outputReport() called
2026-04-22 12:44:47.616 | outputReport() called
2026-04-22 12:44:47.666 | outputReport() called
2026-04-22 12:44:47.682 | outputReport() called
2026-04-22 12:44:47.733 | outputReport() called
2026-04-22 12:44:47.815 | outputReport() called
2026-04-22 12:44:47.866 | outputReport() called
2026-04-22 12:44:47.948 | outputReport() called
2026-04-22 12:44:47.965 | outputReport() called
2026-04-22 12:44:48.045 | outputReport() called
2026-04-22 12:44:48.063 | outputReport() called
2026-04-22 12:44:48.144 | outputReport() called
2026-04-22 12:44:48.193 | outputReport() called
2026-04-22 12:44:48.242 | outputReport() called
2026-04-22 12:44:48.259 | outputReport() called
2026-04-22 12:44:48.276 | outputReport() called
2026-04-22 12:44:48.356 | outputReport() called
2026-04-22 12:44:48.470 | outputReport() called
2026-04-22 12:44:48.518 | outputReport() called
2026-04-22 12:44:56.467 | outputReport() called
2026-04-22 12:44:56.523 | outputReport() called
2026-04-22 12:44:57.040 | outputReport() called
2026-04-22 12:44:57.148 | outputReport() called
2026-04-22 12:44:57.257 | outputReport() called
2026-04-22 12:44:57.367 | outputReport() called
2026-04-22 12:44:57.478 | outputReport() called
2026-04-22 12:44:57.586 | outputReport() called
2026-04-22 12:44:57.696 | outputReport() called
2026-04-22 12:44:57.807 | outputReport() called
2026-04-22 12:44:57.917 | outputReport() called
2026-04-22 12:44:58.026 | outputReport() called
2026-04-22 12:44:58.136 | outputReport() called
2026-04-22 12:44:58.242 | outputReport() called
2026-04-22 12:44:58.353 | outputReport() called
2026-04-22 12:44:58.460 | outputReport() called
2026-04-22 12:44:58.570 | outputReport() called
2026-04-22 12:44:58.680 | outputReport() called
2026-04-22 12:44:58.790 | outputReport() called
2026-04-22 12:44:58.900 | outputReport() called
2026-04-22 12:44:59.010 | outputReport() called
2026-04-22 12:44:59.120 | outputReport() called
2026-04-22 12:44:59.230 | outputReport() called
2026-04-22 12:44:59.340 | outputReport() called
2026-04-22 12:44:59.450 | outputReport() called
2026-04-22 12:44:59.559 | outputReport() called
2026-04-22 12:44:59.670 | outputReport() called
2026-04-22 12:44:59.780 | outputReport() called
2026-04-22 12:44:59.891 | outputReport() called
2026-04-22 12:45:00.002 | outputReport() called
2026-04-22 12:45:00.111 | outputReport() called
2026-04-22 12:45:00.221 | outputReport() called
2026-04-22 12:45:00.330 | outputReport() called
2026-04-22 12:45:00.439 | outputReport() called
2026-04-22 12:45:00.549 | outputReport() called
2026-04-22 12:45:00.660 | outputReport() called
2026-04-22 12:45:00.770 | outputReport() called
2026-04-22 12:45:00.881 | outputReport() called
2026-04-22 12:45:00.988 | outputReport() called
2026-04-22 12:45:01.098 | outputReport() called
2026-04-22 12:45:01.206 | outputReport() called
2026-04-22 12:45:01.317 | outputReport() called
2026-04-22 12:45:01.426 | outputReport() called
2026-04-22 12:45:01.536 | outputReport() called
2026-04-22 12:45:01.644 | outputReport() called
2026-04-22 12:45:01.752 | outputReport() called
2026-04-22 12:45:01.860 | outputReport() called
2026-04-22 12:45:01.969 | outputReport() called
2026-04-22 12:45:02.079 | outputReport() called
2026-04-22 12:45:02.188 | outputReport() called
2026-04-22 12:45:02.298 | outputReport() called
2026-04-22 12:45:02.407 | outputReport() called
2026-04-22 12:45:02.517 | outputReport() called
2026-04-22 12:45:02.625 | outputReport() called
2026-04-22 12:45:02.734 | outputReport() called
2026-04-22 12:45:02.844 | outputReport() called
2026-04-22 12:45:02.953 | outputReport() called
2026-04-22 12:45:03.061 | outputReport() called
2026-04-22 12:45:03.170 | outputReport() called
2026-04-22 12:45:03.278 | outputReport() called
2026-04-22 12:45:03.387 | outputReport() called
2026-04-22 12:52:41.086 | ConnectToPortalToolStripMenuItem_Click() fired
2026-04-22 12:52:41.095 | FindThePortal() started
2026-04-22 12:52:41.097 | FindDeviceFromGuid() started
2026-04-22 12:52:41.102 | HID ENUM: \\?\hid#vid_048d&pid_c101&col05#7&5a8d188&0&0004#{4d1e55b2-f16f-11cf-88cb-001111000030}
2026-04-22 12:52:41.102 | HID ENUM: \\?\hid#vid_048d&pid_c965&mi_01#8&419689c&0&0000#{4d1e55b2-f16f-11cf-88cb-001111000030}
2026-04-22 12:52:41.103 | HID ENUM: \\?\hid#vid_048d&pid_c965&mi_00&col01#8&27f0a65e&0&0000#{4d1e55b2-f16f-11cf-88cb-001111000030}
2026-04-22 12:52:41.103 | HID ENUM: \\?\hid#vid_048d&pid_c965&mi_00&col02#8&27f0a65e&0&0001#{4d1e55b2-f16f-11cf-88cb-001111000030}
2026-04-22 12:52:41.104 | HID ENUM: \\?\hid#vid_048d&pid_c965&mi_00&col03#8&27f0a65e&0&0002#{4d1e55b2-f16f-11cf-88cb-001111000030}
2026-04-22 12:52:41.104 | HID ENUM: \\?\hid#vid_048d&pid_c101&col01#7&5a8d188&0&0000#{4d1e55b2-f16f-11cf-88cb-001111000030}
2026-04-22 12:52:41.105 | HID ENUM: \\?\hid#vid_048d&pid_c965&mi_00&col05#8&27f0a65e&0&0004#{4d1e55b2-f16f-11cf-88cb-001111000030}
2026-04-22 12:52:41.105 | HID ENUM: \\?\hid#vid_413c&pid_301a#8&1167722d&1&0000#{4d1e55b2-f16f-11cf-88cb-001111000030}
2026-04-22 12:52:41.106 | HID ENUM: \\?\hid#vid_048d&pid_c101&col02#7&5a8d188&0&0001#{4d1e55b2-f16f-11cf-88cb-001111000030}\kbd
2026-04-22 12:52:41.106 | HID ENUM: \\?\hid#vid_048d&pid_c101&col03#7&5a8d188&0&0002#{4d1e55b2-f16f-11cf-88cb-001111000030}
2026-04-22 12:52:41.107 | HID ENUM: \\?\hid#syna2ba6&col01#4&1dc0a8b0&0&0000#{4d1e55b2-f16f-11cf-88cb-001111000030}
2026-04-22 12:52:41.108 | HID ENUM: \\?\hid#vid_048d&pid_c965&mi_00&col04#8&27f0a65e&0&0003#{4d1e55b2-f16f-11cf-88cb-001111000030}\kbd
2026-04-22 12:52:41.108 | HID ENUM: \\?\hid#syna2ba6&col02#4&1dc0a8b0&0&0001#{4d1e55b2-f16f-11cf-88cb-001111000030}
2026-04-22 12:52:41.109 | HID ENUM: \\?\hid#syna2ba6&col03#4&1dc0a8b0&0&0002#{4d1e55b2-f16f-11cf-88cb-001111000030}
2026-04-22 12:52:41.109 | HID ENUM: \\?\hid#syna2ba6&col04#4&1dc0a8b0&0&0003#{4d1e55b2-f16f-11cf-88cb-001111000030}
2026-04-22 12:52:41.110 | HID ENUM: \\?\hid#vid_048d&pid_c101&col04#7&5a8d188&0&0003#{4d1e55b2-f16f-11cf-88cb-001111000030}
2026-04-22 12:52:41.110 | HID ENUM: \\?\hid#vid_1430&pid_0150#7&1208f419&3&0000#{4d1e55b2-f16f-11cf-88cb-001111000030}
2026-04-22 12:52:41.111 | SetupDiEnumDeviceInterfaces finished at memberIndex=17
2026-04-22 12:52:41.111 | FindDeviceFromGuid() returning True
2026-04-22 12:52:41.115 | Candidate HID Path: \\?\HID#VID_048D&PID_C101&COL05#7&5A8D188&0&0004#{4D1E55B2-F16F-11CF-88CB-001111000030}
2026-04-22 12:52:41.116 | Rejected HID path because it is not VID_1430/PID_0150
2026-04-22 12:52:41.116 | Candidate HID Path: \\?\HID#VID_048D&PID_C965&MI_01#8&419689C&0&0000#{4D1E55B2-F16F-11CF-88CB-001111000030}
2026-04-22 12:52:41.117 | Rejected HID path because it is not VID_1430/PID_0150
2026-04-22 12:52:41.117 | Candidate HID Path: \\?\HID#VID_048D&PID_C965&MI_00&COL01#8&27F0A65E&0&0000#{4D1E55B2-F16F-11CF-88CB-001111000030}
2026-04-22 12:52:41.118 | Rejected HID path because it is not VID_1430/PID_0150
2026-04-22 12:52:41.118 | Candidate HID Path: \\?\HID#VID_048D&PID_C965&MI_00&COL02#8&27F0A65E&0&0001#{4D1E55B2-F16F-11CF-88CB-001111000030}
2026-04-22 12:52:41.119 | Rejected HID path because it is not VID_1430/PID_0150
2026-04-22 12:52:41.119 | Candidate HID Path: \\?\HID#VID_048D&PID_C965&MI_00&COL03#8&27F0A65E&0&0002#{4D1E55B2-F16F-11CF-88CB-001111000030}
2026-04-22 12:52:41.120 | Rejected HID path because it is not VID_1430/PID_0150
2026-04-22 12:52:41.120 | Candidate HID Path: \\?\HID#VID_048D&PID_C101&COL01#7&5A8D188&0&0000#{4D1E55B2-F16F-11CF-88CB-001111000030}
2026-04-22 12:52:41.121 | Rejected HID path because it is not VID_1430/PID_0150
2026-04-22 12:52:41.121 | Candidate HID Path: \\?\HID#VID_048D&PID_C965&MI_00&COL05#8&27F0A65E&0&0004#{4D1E55B2-F16F-11CF-88CB-001111000030}
2026-04-22 12:52:41.122 | Rejected HID path because it is not VID_1430/PID_0150
2026-04-22 12:52:41.122 | Candidate HID Path: \\?\HID#VID_413C&PID_301A#8&1167722D&1&0000#{4D1E55B2-F16F-11CF-88CB-001111000030}
2026-04-22 12:52:41.122 | Rejected HID path because it is not VID_1430/PID_0150
2026-04-22 12:52:41.123 | Candidate HID Path: \\?\HID#VID_048D&PID_C101&COL02#7&5A8D188&0&0001#{4D1E55B2-F16F-11CF-88CB-001111000030}\KBD
2026-04-22 12:52:41.123 | Rejected HID path because it is not VID_1430/PID_0150
2026-04-22 12:52:41.124 | Candidate HID Path: \\?\HID#VID_048D&PID_C101&COL03#7&5A8D188&0&0002#{4D1E55B2-F16F-11CF-88CB-001111000030}
2026-04-22 12:52:41.124 | Rejected HID path because it is not VID_1430/PID_0150
2026-04-22 12:52:41.125 | Candidate HID Path: \\?\HID#SYNA2BA6&COL01#4&1DC0A8B0&0&0000#{4D1E55B2-F16F-11CF-88CB-001111000030}
2026-04-22 12:52:41.125 | Rejected HID path because it is not VID_1430/PID_0150
2026-04-22 12:52:41.126 | Candidate HID Path: \\?\HID#VID_048D&PID_C965&MI_00&COL04#8&27F0A65E&0&0003#{4D1E55B2-F16F-11CF-88CB-001111000030}\KBD
2026-04-22 12:52:41.126 | Rejected HID path because it is not VID_1430/PID_0150
2026-04-22 12:52:41.127 | Candidate HID Path: \\?\HID#SYNA2BA6&COL02#4&1DC0A8B0&0&0001#{4D1E55B2-F16F-11CF-88CB-001111000030}
2026-04-22 12:52:41.128 | Rejected HID path because it is not VID_1430/PID_0150
2026-04-22 12:52:41.128 | Candidate HID Path: \\?\HID#SYNA2BA6&COL03#4&1DC0A8B0&0&0002#{4D1E55B2-F16F-11CF-88CB-001111000030}
2026-04-22 12:52:41.129 | Rejected HID path because it is not VID_1430/PID_0150
2026-04-22 12:52:41.129 | Candidate HID Path: \\?\HID#SYNA2BA6&COL04#4&1DC0A8B0&0&0003#{4D1E55B2-F16F-11CF-88CB-001111000030}
2026-04-22 12:52:41.130 | Rejected HID path because it is not VID_1430/PID_0150
2026-04-22 12:52:41.130 | Candidate HID Path: \\?\HID#VID_048D&PID_C101&COL04#7&5A8D188&0&0003#{4D1E55B2-F16F-11CF-88CB-001111000030}
2026-04-22 12:52:41.131 | Rejected HID path because it is not VID_1430/PID_0150
2026-04-22 12:52:41.131 | Candidate HID Path: \\?\HID#VID_1430&PID_0150#7&1208F419&3&0000#{4D1E55B2-F16F-11CF-88CB-001111000030}
2026-04-22 12:52:41.132 | CreateFile (query handle) succeeded
2026-04-22 12:52:41.134 | Attributes VID=5168 PID=336
2026-04-22 12:52:41.134 | Portal candidate accepted: \\?\hid#vid_1430&pid_0150#7&1208f419&3&0000#{4d1e55b2-f16f-11cf-88cb-001111000030}
2026-04-22 12:52:41.136 | Re-opening portal with read/write access: \\?\hid#vid_1430&pid_0150#7&1208f419&3&0000#{4d1e55b2-f16f-11cf-88cb-001111000030}
2026-04-22 12:52:41.137 | CreateFile (read/write handle) succeeded
2026-04-22 12:52:41.139 | Portal connected successfully
2026-04-22 12:52:43.765 | outputReport() called
2026-04-22 12:52:43.823 | outputReport() called
2026-04-22 12:52:44.327 | outputReport() called
2026-04-22 12:52:44.373 | outputReport() called
2026-04-22 12:52:44.452 | outputReport() called
2026-04-22 12:52:44.532 | outputReport() called
2026-04-22 12:52:44.543 | outputReport() called
2026-04-22 12:52:44.586 | outputReport() called
2026-04-22 12:52:44.666 | outputReport() called
2026-04-22 12:52:44.712 | outputReport() called
2026-04-22 12:52:44.791 | outputReport() called
2026-04-22 12:52:44.840 | outputReport() called
2026-04-22 12:52:44.951 | outputReport() called
2026-04-22 12:52:44.999 | outputReport() called
2026-04-22 12:52:45.047 | outputReport() called
2026-04-22 12:52:45.125 | outputReport() called
2026-04-22 12:52:45.172 | outputReport() called
2026-04-22 12:52:45.252 | outputReport() called
2026-04-22 12:52:45.297 | outputReport() called
2026-04-22 12:52:45.342 | outputReport() called
2026-04-22 12:52:45.420 | outputReport() called
2026-04-22 12:52:45.436 | outputReport() called
2026-04-22 12:52:45.515 | outputReport() called
2026-04-22 12:52:45.563 | outputReport() called
2026-04-22 12:52:45.675 | outputReport() called
2026-04-22 12:52:45.692 | outputReport() called
2026-04-22 12:52:45.774 | outputReport() called
2026-04-22 12:52:45.857 | outputReport() called
2026-04-22 12:52:45.903 | outputReport() called
2026-04-22 12:52:45.953 | outputReport() called
2026-04-22 12:52:46.033 | outputReport() called
2026-04-22 12:52:46.115 | outputReport() called
2026-04-22 12:52:46.132 | outputReport() called
2026-04-22 12:52:46.148 | outputReport() called
2026-04-22 12:52:46.229 | outputReport() called
2026-04-22 12:52:46.279 | outputReport() called
2026-04-22 12:52:46.360 | outputReport() called
2026-04-22 12:52:46.410 | outputReport() called
2026-04-22 12:52:46.459 | outputReport() called
2026-04-22 12:52:46.477 | outputReport() called
2026-04-22 12:52:46.525 | outputReport() called
2026-04-22 12:52:46.542 | outputReport() called
2026-04-22 12:52:46.591 | outputReport() called
2026-04-22 12:52:46.670 | outputReport() called
2026-04-22 12:52:46.720 | outputReport() called
2026-04-22 12:52:46.833 | outputReport() called
2026-04-22 12:52:46.882 | outputReport() called
2026-04-22 12:52:46.929 | outputReport() called
2026-04-22 12:52:47.012 | outputReport() called
2026-04-22 12:52:47.060 | outputReport() called
2026-04-22 12:52:47.173 | outputReport() called
2026-04-22 12:52:47.255 | outputReport() called
2026-04-22 12:52:47.305 | outputReport() called
2026-04-22 12:52:47.385 | outputReport() called
2026-04-22 12:52:47.467 | outputReport() called
2026-04-22 12:52:47.546 | outputReport() called
2026-04-22 12:52:47.597 | outputReport() called
2026-04-22 12:52:47.614 | outputReport() called
2026-04-22 12:52:47.631 | outputReport() called
2026-04-22 12:52:47.681 | outputReport() called
2026-04-22 12:52:47.730 | outputReport() called
2026-04-22 12:52:47.746 | outputReport() called
2026-04-22 12:52:47.828 | outputReport() called
2026-04-22 12:52:47.908 | outputReport() called
2026-04-22 12:52:47.924 | outputReport() called
2026-04-22 12:52:47.941 | outputReport() called
2026-04-22 12:54:08.448 | ConnectToPortalToolStripMenuItem_Click() fired
2026-04-22 12:54:08.457 | FindThePortal() started
2026-04-22 12:54:08.459 | FindDeviceFromGuid() started
2026-04-22 12:54:08.465 | HID ENUM: \\?\hid#vid_048d&pid_c101&col05#7&5a8d188&0&0004#{4d1e55b2-f16f-11cf-88cb-001111000030}
2026-04-22 12:54:08.465 | HID ENUM: \\?\hid#vid_048d&pid_c965&mi_01#8&419689c&0&0000#{4d1e55b2-f16f-11cf-88cb-001111000030}
2026-04-22 12:54:08.466 | HID ENUM: \\?\hid#vid_048d&pid_c965&mi_00&col01#8&27f0a65e&0&0000#{4d1e55b2-f16f-11cf-88cb-001111000030}
2026-04-22 12:54:08.466 | HID ENUM: \\?\hid#vid_048d&pid_c965&mi_00&col02#8&27f0a65e&0&0001#{4d1e55b2-f16f-11cf-88cb-001111000030}
2026-04-22 12:54:08.467 | HID ENUM: \\?\hid#vid_048d&pid_c965&mi_00&col03#8&27f0a65e&0&0002#{4d1e55b2-f16f-11cf-88cb-001111000030}
2026-04-22 12:54:08.467 | HID ENUM: \\?\hid#vid_048d&pid_c101&col01#7&5a8d188&0&0000#{4d1e55b2-f16f-11cf-88cb-001111000030}
2026-04-22 12:54:08.468 | HID ENUM: \\?\hid#vid_048d&pid_c965&mi_00&col05#8&27f0a65e&0&0004#{4d1e55b2-f16f-11cf-88cb-001111000030}
2026-04-22 12:54:08.468 | HID ENUM: \\?\hid#vid_413c&pid_301a#8&1167722d&1&0000#{4d1e55b2-f16f-11cf-88cb-001111000030}
2026-04-22 12:54:08.468 | HID ENUM: \\?\hid#vid_048d&pid_c101&col02#7&5a8d188&0&0001#{4d1e55b2-f16f-11cf-88cb-001111000030}\kbd
2026-04-22 12:54:08.469 | HID ENUM: \\?\hid#vid_048d&pid_c101&col03#7&5a8d188&0&0002#{4d1e55b2-f16f-11cf-88cb-001111000030}
2026-04-22 12:54:08.469 | HID ENUM: \\?\hid#syna2ba6&col01#4&1dc0a8b0&0&0000#{4d1e55b2-f16f-11cf-88cb-001111000030}
2026-04-22 12:54:08.470 | HID ENUM: \\?\hid#vid_048d&pid_c965&mi_00&col04#8&27f0a65e&0&0003#{4d1e55b2-f16f-11cf-88cb-001111000030}\kbd
2026-04-22 12:54:08.470 | HID ENUM: \\?\hid#syna2ba6&col02#4&1dc0a8b0&0&0001#{4d1e55b2-f16f-11cf-88cb-001111000030}
2026-04-22 12:54:08.471 | HID ENUM: \\?\hid#syna2ba6&col03#4&1dc0a8b0&0&0002#{4d1e55b2-f16f-11cf-88cb-001111000030}
2026-04-22 12:54:08.471 | HID ENUM: \\?\hid#syna2ba6&col04#4&1dc0a8b0&0&0003#{4d1e55b2-f16f-11cf-88cb-001111000030}
2026-04-22 12:54:08.472 | HID ENUM: \\?\hid#vid_048d&pid_c101&col04#7&5a8d188&0&0003#{4d1e55b2-f16f-11cf-88cb-001111000030}
2026-04-22 12:54:08.473 | HID ENUM: \\?\hid#vid_1430&pid_0150#7&1208f419&3&0000#{4d1e55b2-f16f-11cf-88cb-001111000030}
2026-04-22 12:54:08.473 | SetupDiEnumDeviceInterfaces finished at memberIndex=17
2026-04-22 12:54:08.474 | FindDeviceFromGuid() returning True
2026-04-22 12:54:08.477 | Candidate HID Path: \\?\HID#VID_048D&PID_C101&COL05#7&5A8D188&0&0004#{4D1E55B2-F16F-11CF-88CB-001111000030}
2026-04-22 12:54:08.477 | Rejected HID path because it is not VID_1430/PID_0150
2026-04-22 12:54:08.478 | Candidate HID Path: \\?\HID#VID_048D&PID_C965&MI_01#8&419689C&0&0000#{4D1E55B2-F16F-11CF-88CB-001111000030}
2026-04-22 12:54:08.478 | Rejected HID path because it is not VID_1430/PID_0150
2026-04-22 12:54:08.479 | Candidate HID Path: \\?\HID#VID_048D&PID_C965&MI_00&COL01#8&27F0A65E&0&0000#{4D1E55B2-F16F-11CF-88CB-001111000030}
2026-04-22 12:54:08.479 | Rejected HID path because it is not VID_1430/PID_0150
2026-04-22 12:54:08.480 | Candidate HID Path: \\?\HID#VID_048D&PID_C965&MI_00&COL02#8&27F0A65E&0&0001#{4D1E55B2-F16F-11CF-88CB-001111000030}
2026-04-22 12:54:08.480 | Rejected HID path because it is not VID_1430/PID_0150
2026-04-22 12:54:08.481 | Candidate HID Path: \\?\HID#VID_048D&PID_C965&MI_00&COL03#8&27F0A65E&0&0002#{4D1E55B2-F16F-11CF-88CB-001111000030}
2026-04-22 12:54:08.481 | Rejected HID path because it is not VID_1430/PID_0150
2026-04-22 12:54:08.482 | Candidate HID Path: \\?\HID#VID_048D&PID_C101&COL01#7&5A8D188&0&0000#{4D1E55B2-F16F-11CF-88CB-001111000030}
2026-04-22 12:54:08.483 | Rejected HID path because it is not VID_1430/PID_0150
2026-04-22 12:54:08.483 | Candidate HID Path: \\?\HID#VID_048D&PID_C965&MI_00&COL05#8&27F0A65E&0&0004#{4D1E55B2-F16F-11CF-88CB-001111000030}
2026-04-22 12:54:08.484 | Rejected HID path because it is not VID_1430/PID_0150
2026-04-22 12:54:08.484 | Candidate HID Path: \\?\HID#VID_413C&PID_301A#8&1167722D&1&0000#{4D1E55B2-F16F-11CF-88CB-001111000030}
2026-04-22 12:54:08.484 | Rejected HID path because it is not VID_1430/PID_0150
2026-04-22 12:54:08.485 | Candidate HID Path: \\?\HID#VID_048D&PID_C101&COL02#7&5A8D188&0&0001#{4D1E55B2-F16F-11CF-88CB-001111000030}\KBD
2026-04-22 12:54:08.485 | Rejected HID path because it is not VID_1430/PID_0150
2026-04-22 12:54:08.486 | Candidate HID Path: \\?\HID#VID_048D&PID_C101&COL03#7&5A8D188&0&0002#{4D1E55B2-F16F-11CF-88CB-001111000030}
2026-04-22 12:54:08.486 | Rejected HID path because it is not VID_1430/PID_0150
2026-04-22 12:54:08.487 | Candidate HID Path: \\?\HID#SYNA2BA6&COL01#4&1DC0A8B0&0&0000#{4D1E55B2-F16F-11CF-88CB-001111000030}
2026-04-22 12:54:08.487 | Rejected HID path because it is not VID_1430/PID_0150
2026-04-22 12:54:08.488 | Candidate HID Path: \\?\HID#VID_048D&PID_C965&MI_00&COL04#8&27F0A65E&0&0003#{4D1E55B2-F16F-11CF-88CB-001111000030}\KBD
2026-04-22 12:54:08.488 | Rejected HID path because it is not VID_1430/PID_0150
2026-04-22 12:54:08.489 | Candidate HID Path: \\?\HID#SYNA2BA6&COL02#4&1DC0A8B0&0&0001#{4D1E55B2-F16F-11CF-88CB-001111000030}
2026-04-22 12:54:08.489 | Rejected HID path because it is not VID_1430/PID_0150
2026-04-22 12:54:08.489 | Candidate HID Path: \\?\HID#SYNA2BA6&COL03#4&1DC0A8B0&0&0002#{4D1E55B2-F16F-11CF-88CB-001111000030}
2026-04-22 12:54:08.490 | Rejected HID path because it is not VID_1430/PID_0150
2026-04-22 12:54:08.490 | Candidate HID Path: \\?\HID#SYNA2BA6&COL04#4&1DC0A8B0&0&0003#{4D1E55B2-F16F-11CF-88CB-001111000030}
2026-04-22 12:54:08.491 | Rejected HID path because it is not VID_1430/PID_0150
2026-04-22 12:54:08.491 | Candidate HID Path: \\?\HID#VID_048D&PID_C101&COL04#7&5A8D188&0&0003#{4D1E55B2-F16F-11CF-88CB-001111000030}
2026-04-22 12:54:08.492 | Rejected HID path because it is not VID_1430/PID_0150
2026-04-22 12:54:08.492 | Candidate HID Path: \\?\HID#VID_1430&PID_0150#7&1208F419&3&0000#{4D1E55B2-F16F-11CF-88CB-001111000030}
2026-04-22 12:54:08.493 | CreateFile (query handle) succeeded
2026-04-22 12:54:08.494 | Attributes VID=5168 PID=336
2026-04-22 12:54:08.495 | Portal candidate accepted: \\?\hid#vid_1430&pid_0150#7&1208f419&3&0000#{4d1e55b2-f16f-11cf-88cb-001111000030}
2026-04-22 12:54:08.497 | Re-opening portal with read/write access: \\?\hid#vid_1430&pid_0150#7&1208f419&3&0000#{4d1e55b2-f16f-11cf-88cb-001111000030}
2026-04-22 12:54:08.497 | CreateFile (read/write handle) succeeded
2026-04-22 12:54:08.499 | Portal connected successfully
2026-04-22 12:54:12.946 | outputReport() called
2026-04-22 12:54:12.999 | outputReport() called
2026-04-22 12:54:13.513 | outputReport() called
2026-04-22 12:54:13.726 | outputReport() called
2026-04-22 12:54:13.806 | outputReport() called
2026-04-22 12:54:13.883 | outputReport() called
2026-04-22 12:54:13.930 | outputReport() called
2026-04-22 12:54:13.979 | outputReport() called
2026-04-22 12:54:14.028 | outputReport() called
2026-04-22 12:54:14.110 | outputReport() called
2026-04-22 12:54:14.191 | outputReport() called
2026-04-22 12:54:14.240 | outputReport() called
2026-04-22 12:54:14.288 | outputReport() called
2026-04-22 12:54:14.371 | outputReport() called
2026-04-22 12:54:14.387 | outputReport() called
2026-04-22 12:54:14.437 | outputReport() called
2026-04-22 12:54:14.517 | outputReport() called
2026-04-22 12:54:14.534 | outputReport() called
2026-04-22 12:54:14.647 | outputReport() called
2026-04-22 12:54:14.696 | outputReport() called
2026-04-22 12:54:14.713 | outputReport() called
2026-04-22 12:54:14.729 | outputReport() called
2026-04-22 12:54:14.811 | outputReport() called
2026-04-22 12:54:14.859 | outputReport() called
2026-04-22 12:54:14.876 | outputReport() called
2026-04-22 12:54:14.893 | outputReport() called
2026-04-22 12:54:14.910 | outputReport() called
2026-04-22 12:54:14.959 | outputReport() called
2026-04-22 12:54:15.006 | outputReport() called
2026-04-22 12:54:15.056 | outputReport() called
2026-04-22 12:54:15.169 | outputReport() called
2026-04-22 12:54:15.251 | outputReport() called
2026-04-22 12:54:15.268 | outputReport() called
2026-04-22 12:54:15.379 | outputReport() called
2026-04-22 12:54:15.427 | outputReport() called
2026-04-22 12:54:15.510 | outputReport() called
2026-04-22 12:54:15.526 | outputReport() called
2026-04-22 12:54:15.574 | outputReport() called
2026-04-22 12:54:15.624 | outputReport() called
2026-04-22 12:54:15.674 | outputReport() called
2026-04-22 12:54:15.722 | outputReport() called
2026-04-22 12:54:15.738 | outputReport() called
2026-04-22 12:54:15.819 | outputReport() called
2026-04-22 12:54:15.868 | outputReport() called
2026-04-22 12:54:15.950 | outputReport() called
2026-04-22 12:54:16.031 | outputReport() called
2026-04-22 12:54:16.049 | outputReport() called
2026-04-22 12:54:16.066 | outputReport() called
2026-04-22 12:54:16.146 | outputReport() called
2026-04-22 12:54:16.258 | outputReport() called
2026-04-22 12:54:16.276 | outputReport() called
2026-04-22 12:54:16.293 | outputReport() called
2026-04-22 12:54:16.342 | outputReport() called
2026-04-22 12:54:16.359 | outputReport() called
2026-04-22 12:54:16.409 | outputReport() called
2026-04-22 12:54:16.489 | outputReport() called
2026-04-22 12:54:16.536 | outputReport() called
2026-04-22 12:54:16.554 | outputReport() called
2026-04-22 12:54:16.638 | outputReport() called
2026-04-22 12:54:16.717 | outputReport() called
2026-04-22 12:54:16.734 | outputReport() called
2026-04-22 12:54:16.816 | outputReport() called
2026-04-22 12:54:16.866 | outputReport() called
2026-04-22 12:54:16.915 | outputReport() called
2026-04-22 12:54:16.995 | outputReport() called
2026-04-22 12:54:17.076 | outputReport() called
2026-04-22 12:54:25.981 | outputReport() called
2026-04-22 12:54:26.046 | outputReport() called
2026-04-22 12:54:26.561 | outputReport() called
2026-04-22 12:54:26.671 | outputReport() called
2026-04-22 12:54:26.779 | outputReport() called
2026-04-22 12:54:26.889 | outputReport() called
2026-04-22 12:54:26.998 | outputReport() called
2026-04-22 12:54:27.106 | outputReport() called
2026-04-22 12:54:27.216 | outputReport() called
2026-04-22 12:54:27.325 | outputReport() called
2026-04-22 12:54:27.434 | outputReport() called
2026-04-22 12:54:27.544 | outputReport() called
2026-04-22 12:54:27.654 | outputReport() called
2026-04-22 12:54:27.764 | outputReport() called
2026-04-22 12:54:27.875 | outputReport() called
2026-04-22 12:54:27.986 | outputReport() called
2026-04-22 12:54:28.094 | outputReport() called
2026-04-22 12:54:28.205 | outputReport() called
2026-04-22 12:54:28.316 | outputReport() called
2026-04-22 12:54:28.425 | outputReport() called
2026-04-22 12:54:28.538 | outputReport() called
2026-04-22 12:54:28.648 | outputReport() called
2026-04-22 12:54:28.755 | outputReport() called
2026-04-22 12:54:28.864 | outputReport() called
2026-04-22 12:54:28.970 | outputReport() called
2026-04-22 12:54:29.077 | outputReport() called
2026-04-22 12:54:29.188 | outputReport() called
2026-04-22 12:54:29.296 | outputReport() called
2026-04-22 12:54:29.407 | outputReport() called
2026-04-22 12:54:29.515 | outputReport() called
2026-04-22 12:54:29.627 | outputReport() called
2026-04-22 12:54:29.737 | outputReport() called
2026-04-22 12:54:29.845 | outputReport() called
2026-04-22 12:54:29.953 | outputReport() called
2026-04-22 12:54:30.062 | outputReport() called
2026-04-22 12:54:30.170 | outputReport() called
2026-04-22 12:54:30.282 | outputReport() called
2026-04-22 12:54:30.393 | outputReport() called
2026-04-22 12:54:30.500 | outputReport() called
2026-04-22 12:54:30.610 | outputReport() called
2026-04-22 12:54:30.720 | outputReport() called
2026-04-22 12:54:30.829 | outputReport() called
2026-04-22 12:54:30.938 | outputReport() called
2026-04-22 12:54:31.048 | outputReport() called
2026-04-22 12:54:31.157 | outputReport() called
2026-04-22 12:54:31.266 | outputReport() called
2026-04-22 12:54:31.375 | outputReport() called
2026-04-22 12:54:31.486 | outputReport() called
2026-04-22 12:54:31.597 | outputReport() called
2026-04-22 12:54:31.708 | outputReport() called
2026-04-22 12:54:31.818 | outputReport() called
2026-04-22 12:54:31.924 | outputReport() called
2026-04-22 12:54:32.035 | outputReport() called
2026-04-22 12:54:32.143 | outputReport() called
2026-04-22 12:54:32.252 | outputReport() called
2026-04-22 12:54:32.363 | outputReport() called
2026-04-22 12:54:32.471 | outputReport() called
2026-04-22 12:54:32.580 | outputReport() called
2026-04-22 12:54:32.688 | outputReport() called
2026-04-22 12:54:32.797 | outputReport() called
2026-04-22 12:54:32.908 | outputReport() called
